Country,Message Type,Time,Track Number,Track Name,Channel,Control,Control Value,Instrument Name,Key Signature,Marker Text,Midi Port,Note,Velocity,Pitch,Program,Sequencer Data,Tempo,smpte_offset,Text,TS_numerator,TS_denominator,TS_clocks_per_click,TS_32nd_notes_per_beat,End of Track
Denmark,track_name,0,0,conductor,,,,,,,,,,,,,,,,,,,,
Denmark,smpte_offset,0,0,conductor,,,,,,,,,,,,,,"[25, 32, 0, 0, 0, 0]",,,,,,
Denmark,time_signature,0,0,conductor,,,,,,,,,,,,,,,,1.0,4.0,24.0,8.0,
Denmark,set_tempo,218,0,conductor,,,,,,,,,,,,,761904.0,,,,,,,
Denmark,set_tempo,136,0,conductor,,,,,,,,,,,,,759493.0,,,,,,,
Denmark,set_tempo,11,0,conductor,,,,,,,,,,,,,757097.0,,,,,,,
Denmark,set_tempo,21,0,conductor,,,,,,,,,,,,,752351.0,,,,,,,
Denmark,set_tempo,11,0,conductor,,,,,,,,,,,,,743034.0,,,,,,,
Denmark,set_tempo,21,0,conductor,,,,,,,,,,,,,738461.0,,,,,,,
Denmark,set_tempo,33,0,conductor,,,,,,,,,,,,,736196.0,,,,,,,
Denmark,time_signature,29,0,conductor,,,,,,,,,,,,,,,,4.0,4.0,24.0,8.0,
Denmark,set_tempo,144,0,conductor,,,,,,,,,,,,,733944.0,,,,,,,
Denmark,set_tempo,43,0,conductor,,,,,,,,,,,,,731707.0,,,,,,,
Denmark,set_tempo,33,0,conductor,,,,,,,,,,,,,729483.0,,,,,,,
Denmark,set_tempo,787,0,conductor,,,,,,,,,,,,,727272.0,,,,,,,
Denmark,set_tempo,143,0,conductor,,,,,,,,,,,,,725075.0,,,,,,,
Denmark,set_tempo,231,0,conductor,,,,,,,,,,,,,722891.0,,,,,,,
Denmark,set_tempo,596,0,conductor,,,,,,,,,,,,,720720.0,,,,,,,
Denmark,set_tempo,1074,0,conductor,,,,,,,,,,,,,722891.0,,,,,,,
Denmark,set_tempo,210,0,conductor,,,,,,,,,,,,,725075.0,,,,,,,
Denmark,set_tempo,55,0,conductor,,,,,,,,,,,,,727272.0,,,,,,,
Denmark,set_tempo,33,0,conductor,,,,,,,,,,,,,729483.0,,,,,,,
Denmark,set_tempo,535,0,conductor,,,,,,,,,,,,,727272.0,,,,,,,
Denmark,set_tempo,99,0,conductor,,,,,,,,,,,,,725075.0,,,,,,,
Denmark,set_tempo,143,0,conductor,,,,,,,,,,,,,722891.0,,,,,,,
Denmark,set_tempo,298,0,conductor,,,,,,,,,,,,,720720.0,,,,,,,
Denmark,set_tempo,155,0,conductor,,,,,,,,,,,,,718562.0,,,,,,,
Denmark,set_tempo,588,0,conductor,,,,,,,,,,,,,720720.0,,,,,,,
Denmark,set_tempo,244,0,conductor,,,,,,,,,,,,,722891.0,,,,,,,
Denmark,set_tempo,463,0,conductor,,,,,,,,,,,,,725075.0,,,,,,,
Denmark,set_tempo,1255,0,conductor,,,,,,,,,,,,,722891.0,,,,,,,
Denmark,set_tempo,474,0,conductor,,,,,,,,,,,,,725075.0,,,,,,,
Denmark,set_tempo,99,0,conductor,,,,,,,,,,,,,727272.0,,,,,,,
Denmark,set_tempo,911,0,conductor,,,,,,,,,,,,,725075.0,,,,,,,
Denmark,set_tempo,242,0,conductor,,,,,,,,,,,,,722891.0,,,,,,,
Denmark,set_tempo,209,0,conductor,,,,,,,,,,,,,720720.0,,,,,,,
Denmark,set_tempo,609,0,conductor,,,,,,,,,,,,,718562.0,,,,,,,
Denmark,set_tempo,1030,0,conductor,,,,,,,,,,,,,716417.0,,,,,,,
Denmark,set_tempo,414,0,conductor,,,,,,,,,,,,,714285.0,,,,,,,
Denmark,set_tempo,358,0,conductor,,,,,,,,,,,,,712166.0,,,,,,,
Denmark,set_tempo,526,0,conductor,,,,,,,,,,,,,710059.0,,,,,,,
Denmark,set_tempo,563,0,conductor,,,,,,,,,,,,,712166.0,,,,,,,
Denmark,set_tempo,2071,0,conductor,,,,,,,,,,,,,714285.0,,,,,,,
Denmark,set_tempo,94,0,conductor,,,,,,,,,,,,,716417.0,,,,,,,
Denmark,set_tempo,18,0,conductor,,,,,,,,,,,,,718562.0,,,,,,,
Denmark,set_tempo,67,0,conductor,,,,,,,,,,,,,720720.0,,,,,,,
Denmark,set_tempo,45,0,conductor,,,,,,,,,,,,,722891.0,,,,,,,
Denmark,set_tempo,10,0,conductor,,,,,,,,,,,,,727272.0,,,,,,,
Denmark,set_tempo,22,0,conductor,,,,,,,,,,,,,729483.0,,,,,,,
Denmark,set_tempo,11,0,conductor,,,,,,,,,,,,,731707.0,,,,,,,
Denmark,set_tempo,32,0,conductor,,,,,,,,,,,,,733944.0,,,,,,,
Denmark,set_tempo,22,0,conductor,,,,,,,,,,,,,736196.0,,,,,,,
Denmark,set_tempo,33,0,conductor,,,,,,,,,,,,,738461.0,,,,,,,
Denmark,set_tempo,21,0,conductor,,,,,,,,,,,,,743034.0,,,,,,,
Denmark,set_tempo,11,0,conductor,,,,,,,,,,,,,745341.0,,,,,,,
Denmark,set_tempo,22,0,conductor,,,,,,,,,,,,,747663.0,,,,,,,
Denmark,set_tempo,1549,0,conductor,,,,,,,,,,,,,750000.0,,,,,,,
Denmark,set_tempo,1404,0,conductor,,,,,,,,,,,,,747663.0,,,,,,,
Denmark,set_tempo,53,0,conductor,,,,,,,,,,,,,745341.0,,,,,,,
Denmark,set_tempo,535,0,conductor,,,,,,,,,,,,,747663.0,,,,,,,
Denmark,set_tempo,32,0,conductor,,,,,,,,,,,,,750000.0,,,,,,,
Denmark,set_tempo,117,0,conductor,,,,,,,,,,,,,747663.0,,,,,,,
Denmark,set_tempo,33,0,conductor,,,,,,,,,,,,,745341.0,,,,,,,
Denmark,set_tempo,64,0,conductor,,,,,,,,,,,,,743034.0,,,,,,,
Denmark,set_tempo,171,0,conductor,,,,,,,,,,,,,740740.0,,,,,,,
Denmark,set_tempo,646,0,conductor,,,,,,,,,,,,,738461.0,,,,,,,
Denmark,set_tempo,973,0,conductor,,,,,,,,,,,,,736196.0,,,,,,,
Denmark,set_tempo,509,0,conductor,,,,,,,,,,,,,733944.0,,,,,,,
Denmark,set_tempo,554,0,conductor,,,,,,,,,,,,,731707.0,,,,,,,
Denmark,set_tempo,742,0,conductor,,,,,,,,,,,,,733944.0,,,,,,,
Denmark,set_tempo,163,0,conductor,,,,,,,,,,,,,736196.0,,,,,,,
Denmark,set_tempo,47,0,conductor,,,,,,,,,,,,,738461.0,,,,,,,
Denmark,set_tempo,450,0,conductor,,,,,,,,,,,,,740740.0,,,,,,,
Denmark,set_tempo,226,0,conductor,,,,,,,,,,,,,743034.0,,,,,,,
Denmark,set_tempo,107,0,conductor,,,,,,,,,,,,,745341.0,,,,,,,
Denmark,set_tempo,408,0,conductor,,,,,,,,,,,,,747663.0,,,,,,,
Denmark,set_tempo,671,0,conductor,,,,,,,,,,,,,745341.0,,,,,,,
Denmark,set_tempo,182,0,conductor,,,,,,,,,,,,,743034.0,,,,,,,
Denmark,set_tempo,107,0,conductor,,,,,,,,,,,,,740740.0,,,,,,,
Denmark,set_tempo,636,0,conductor,,,,,,,,,,,,,738461.0,,,,,,,
Denmark,set_tempo,86,0,conductor,,,,,,,,,,,,,736196.0,,,,,,,
Denmark,set_tempo,444,0,conductor,,,,,,,,,,,,,738461.0,,,,,,,
Denmark,set_tempo,43,0,conductor,,,,,,,,,,,,,740740.0,,,,,,,
Denmark,set_tempo,44,0,conductor,,,,,,,,,,,,,743034.0,,,,,,,
Denmark,set_tempo,53,0,conductor,,,,,,,,,,,,,745341.0,,,,,,,
Denmark,set_tempo,54,0,conductor,,,,,,,,,,,,,747663.0,,,,,,,
Denmark,set_tempo,21,0,conductor,,,,,,,,,,,,,750000.0,,,,,,,
Denmark,set_tempo,43,0,conductor,,,,,,,,,,,,,752351.0,,,,,,,
Denmark,set_tempo,42,0,conductor,,,,,,,,,,,,,754716.0,,,,,,,
Denmark,set_tempo,74,0,conductor,,,,,,,,,,,,,757097.0,,,,,,,
Denmark,set_tempo,175,0,conductor,,,,,,,,,,,,,759493.0,,,,,,,
Denmark,set_tempo,78,0,conductor,,,,,,,,,,,,,761904.0,,,,,,,
Denmark,set_tempo,115,0,conductor,,,,,,,,,,,,,764331.0,,,,,,,
Denmark,set_tempo,42,0,conductor,,,,,,,,,,,,,766773.0,,,,,,,
Denmark,set_tempo,717,0,conductor,,,,,,,,,,,,,769230.0,,,,,,,
Denmark,set_tempo,177,0,conductor,,,,,,,,,,,,,771704.0,,,,,,,
Denmark,set_tempo,72,0,conductor,,,,,,,,,,,,,774193.0,,,,,,,
Denmark,set_tempo,72,0,conductor,,,,,,,,,,,,,776699.0,,,,,,,
Denmark,set_tempo,62,0,conductor,,,,,,,,,,,,,779220.0,,,,,,,
Denmark,set_tempo,82,0,conductor,,,,,,,,,,,,,781758.0,,,,,,,
Denmark,set_tempo,82,0,conductor,,,,,,,,,,,,,784313.0,,,,,,,
Denmark,set_tempo,54,0,conductor,,,,,,,,,,,,,786885.0,,,,,,,
Denmark,set_tempo,138,0,conductor,,,,,,,,,,,,,789473.0,,,,,,,
Denmark,set_tempo,101,0,conductor,,,,,,,,,,,,,792079.0,,,,,,,
Denmark,set_tempo,65,0,conductor,,,,,,,,,,,,,794701.0,,,,,,,
Denmark,set_tempo,46,0,conductor,,,,,,,,,,,,,797342.0,,,,,,,
Denmark,set_tempo,50,0,conductor,,,,,,,,,,,,,800000.0,,,,,,,
Denmark,set_tempo,10,0,conductor,,,,,,,,,,,,,805369.0,,,,,,,
Denmark,set_tempo,198,0,conductor,,,,,,,,,,,,,808080.0,,,,,,,
Denmark,set_tempo,49,0,conductor,,,,,,,,,,,,,810810.0,,,,,,,
Denmark,set_tempo,40,0,conductor,,,,,,,,,,,,,813559.0,,,,,,,
Denmark,set_tempo,147,0,conductor,,,,,,,,,,,,,816326.0,,,,,,,
Denmark,set_tempo,118,0,conductor,,,,,,,,,,,,,819112.0,,,,,,,
Denmark,set_tempo,38,0,conductor,,,,,,,,,,,,,821917.0,,,,,,,
Denmark,set_tempo,68,0,conductor,,,,,,,,,,,,,824742.0,,,,,,,
Denmark,set_tempo,174,0,conductor,,,,,,,,,,,,,827586.0,,,,,,,
Denmark,set_tempo,67,0,conductor,,,,,,,,,,,,,830449.0,,,,,,,
Denmark,set_tempo,116,0,conductor,,,,,,,,,,,,,833333.0,,,,,,,
Denmark,end_of_track,1241,0,conductor,,,,,,,,,,,,,,,,,,,,True
Denmark,instrument_name,0,1,trumpet(s),,,,Sound Canvas,,,,,,,,,,,,,,,,False
Denmark,track_name,0,1,trumpet(s),,,,,,,,,,,,,,,,,,,,
Denmark,control_change,0,1,trumpet(s),,1.0,0.0,,,,,,,,,,,,,,,,,
Denmark,control_change,0,1,trumpet(s),,7.0,127.0,,,,,,,,,,,,,,,,,
Denmark,control_change,0,1,trumpet(s),,64.0,0.0,,,,,,,,,,,,,,,,,
Denmark,program_change,0,1,trumpet(s),0.0,,,,,,,,,,56.0,,,,,,,,,
Denmark,control_change,1,1,trumpet(s),,91.0,127.0,,,,,,,,,,,,,,,,,
Denmark,control_change,0,1,trumpet(s),,93.0,82.0,,,,,,,,,,,,,,,,,
Denmark,pitchwheel,0,1,trumpet(s),0.0,,,,,,,,,0.0,,,,,,,,,,
Denmark,control_change,0,1,trumpet(s),,10.0,84.0,,,,,,,,,,,,,,,,,
Denmark,control_change,0,1,trumpet(s),,11.0,127.0,,,,,,,,,,,,,,,,,
Denmark,note_on,255,1,trumpet(s),0.0,,,,,,,62.0,98.0,,,,,,,,,,,
Denmark,note_off,209,1,trumpet(s),0.0,,,,,,,62.0,65.0,,,,,,,,,,,
Denmark,note_on,17,1,trumpet(s),0.0,,,,,,,69.0,111.0,,,,,,,,,,,
Denmark,note_off,624,1,trumpet(s),0.0,,,,,,,69.0,67.0,,,,,,,,,,,
Denmark,note_on,66,1,trumpet(s),0.0,,,,,,,69.0,106.0,,,,,,,,,,,
Denmark,note_on,241,1,trumpet(s),0.0,,,,,,,66.0,103.0,,,,,,,,,,,
Denmark,note_off,4,1,trumpet(s),0.0,,,,,,,69.0,69.0,,,,,,,,,,,
Denmark,note_on,458,1,trumpet(s),0.0,,,,,,,62.0,111.0,,,,,,,,,,,
Denmark,note_off,20,1,trumpet(s),0.0,,,,,,,66.0,71.0,,,,,,,,,,,
Denmark,note_off,480,1,trumpet(s),0.0,,,,,,,62.0,41.0,,,,,,,,,,,
Denmark,note_on,6,1,trumpet(s),0.0,,,,,,,71.0,111.0,,,,,,,,,,,
Denmark,note_off,1421,1,trumpet(s),0.0,,,,,,,71.0,76.0,,,,,,,,,,,
Denmark,note_on,267,1,trumpet(s),0.0,,,,,,,62.0,93.0,,,,,,,,,,,
Denmark,note_off,227,1,trumpet(s),0.0,,,,,,,62.0,68.0,,,,,,,,,,,
Denmark,note_on,2,1,trumpet(s),0.0,,,,,,,74.0,115.0,,,,,,,,,,,
Denmark,note_off,634,1,trumpet(s),0.0,,,,,,,74.0,72.0,,,,,,,,,,,
Denmark,note_on,82,1,trumpet(s),0.0,,,,,,,74.0,106.0,,,,,,,,,,,
Denmark,note_off,240,1,trumpet(s),0.0,,,,,,,74.0,69.0,,,,,,,,,,,
Denmark,note_on,8,1,trumpet(s),0.0,,,,,,,73.0,109.0,,,,,,,,,,,
Denmark,note_off,459,1,trumpet(s),0.0,,,,,,,73.0,81.0,,,,,,,,,,,
Denmark,note_on,2,1,trumpet(s),0.0,,,,,,,71.0,101.0,,,,,,,,,,,
Denmark,note_off,427,1,trumpet(s),0.0,,,,,,,71.0,68.0,,,,,,,,,,,
Denmark,note_on,61,1,trumpet(s),0.0,,,,,,,71.0,109.0,,,,,,,,,,,
Denmark,note_on,480,1,trumpet(s),0.0,,,,,,,69.0,106.0,,,,,,,,,,,
Denmark,note_off,9,1,trumpet(s),0.0,,,,,,,71.0,48.0,,,,,,,,,,,
Denmark,note_off,756,1,trumpet(s),0.0,,,,,,,69.0,58.0,,,,,,,,,,,
Denmark,note_on,205,1,trumpet(s),0.0,,,,,,,69.0,111.0,,,,,,,,,,,
Denmark,note_off,470,1,trumpet(s),0.0,,,,,,,69.0,14.0,,,,,,,,,,,
Denmark,note_on,7,1,trumpet(s),0.0,,,,,,,61.0,106.0,,,,,,,,,,,
Denmark,note_off,629,1,trumpet(s),0.0,,,,,,,61.0,65.0,,,,,,,,,,,
Denmark,note_on,91,1,trumpet(s),0.0,,,,,,,61.0,109.0,,,,,,,,,,,
Denmark,note_off,210,1,trumpet(s),0.0,,,,,,,61.0,67.0,,,,,,,,,,,
Denmark,note_on,19,1,trumpet(s),0.0,,,,,,,62.0,109.0,,,,,,,,,,,
Denmark,note_off,459,1,trumpet(s),0.0,,,,,,,62.0,55.0,,,,,,,,,,,
Denmark,note_on,8,1,trumpet(s),0.0,,,,,,,64.0,103.0,,,,,,,,,,,
Denmark,note_off,488,1,trumpet(s),0.0,,,,,,,64.0,51.0,,,,,,,,,,,
Denmark,note_on,6,1,trumpet(s),0.0,,,,,,,66.0,106.0,,,,,,,,,,,
Denmark,note_on,481,1,trumpet(s),0.0,,,,,,,68.0,98.0,,,,,,,,,,,
Denmark,note_off,8,1,trumpet(s),0.0,,,,,,,66.0,79.0,,,,,,,,,,,
Denmark,note_off,444,1,trumpet(s),0.0,,,,,,,68.0,65.0,,,,,,,,,,,
Denmark,note_on,28,1,trumpet(s),0.0,,,,,,,69.0,101.0,,,,,,,,,,,
Denmark,note_off,461,1,trumpet(s),0.0,,,,,,,69.0,67.0,,,,,,,,,,,
Denmark,note_on,22,1,trumpet(s),0.0,,,,,,,71.0,106.0,,,,,,,,,,,
Denmark,note_off,485,1,trumpet(s),0.0,,,,,,,71.0,69.0,,,,,,,,,,,
Denmark,note_on,13,1,trumpet(s),0.0,,,,,,,69.0,111.0,,,,,,,,,,,
Denmark,note_on,966,1,trumpet(s),0.0,,,,,,,68.0,111.0,,,,,,,,,,,
Denmark,note_off,9,1,trumpet(s),0.0,,,,,,,69.0,44.0,,,,,,,,,,,
Denmark,note_off,953,1,trumpet(s),0.0,,,,,,,68.0,73.0,,,,,,,,,,,
Denmark,note_on,3,1,trumpet(s),0.0,,,,,,,69.0,111.0,,,,,,,,,,,
Denmark,note_off,1416,1,trumpet(s),0.0,,,,,,,69.0,82.0,,,,,,,,,,,
Denmark,note_on,249,1,trumpet(s),0.0,,,,,,,69.0,109.0,,,,,,,,,,,
Denmark,note_off,219,1,trumpet(s),0.0,,,,,,,69.0,74.0,,,,,,,,,,,
Denmark,note_on,15,1,trumpet(s),0.0,,,,,,,73.0,115.0,,,,,,,,,,,
Denmark,note_off,708,1,trumpet(s),0.0,,,,,,,73.0,71.0,,,,,,,,,,,
Denmark,note_on,42,1,trumpet(s),0.0,,,,,,,73.0,111.0,,,,,,,,,,,
Denmark,note_off,211,1,trumpet(s),0.0,,,,,,,73.0,72.0,,,,,,,,,,,
Denmark,note_on,11,1,trumpet(s),0.0,,,,,,,71.0,103.0,,,,,,,,,,,
Denmark,note_off,477,1,trumpet(s),0.0,,,,,,,71.0,78.0,,,,,,,,,,,
Denmark,note_on,13,1,trumpet(s),0.0,,,,,,,69.0,111.0,,,,,,,,,,,
Denmark,note_off,404,1,trumpet(s),0.0,,,,,,,69.0,62.0,,,,,,,,,,,
Denmark,note_on,64,1,trumpet(s),0.0,,,,,,,69.0,109.0,,,,,,,,,,,
Denmark,note_on,723,1,trumpet(s),0.0,,,,,,,74.0,103.0,,,,,,,,,,,
Denmark,note_off,5,1,trumpet(s),0.0,,,,,,,69.0,78.0,,,,,,,,,,,
Denmark,note_off,187,1,trumpet(s),0.0,,,,,,,74.0,76.0,,,,,,,,,,,
Denmark,note_on,52,1,trumpet(s),0.0,,,,,,,74.0,106.0,,,,,,,,,,,
Denmark,note_off,463,1,trumpet(s),0.0,,,,,,,74.0,75.0,,,,,,,,,,,
Denmark,note_on,7,1,trumpet(s),0.0,,,,,,,66.0,109.0,,,,,,,,,,,
Denmark,note_off,449,1,trumpet(s),0.0,,,,,,,66.0,75.0,,,,,,,,,,,
Denmark,note_on,16,1,trumpet(s),0.0,,,,,,,71.0,106.0,,,,,,,,,,,
Denmark,note_off,672,1,trumpet(s),0.0,,,,,,,71.0,69.0,,,,,,,,,,,
Denmark,note_on,50,1,trumpet(s),0.0,,,,,,,71.0,98.0,,,,,,,,,,,
Denmark,note_off,189,1,trumpet(s),0.0,,,,,,,71.0,70.0,,,,,,,,,,,
Denmark,note_on,58,1,trumpet(s),0.0,,,,,,,71.0,106.0,,,,,,,,,,,
Denmark,note_off,434,1,trumpet(s),0.0,,,,,,,71.0,64.0,,,,,,,,,,,
Denmark,note_on,52,1,trumpet(s),0.0,,,,,,,71.0,106.0,,,,,,,,,,,
Denmark,note_off,392,1,trumpet(s),0.0,,,,,,,71.0,73.0,,,,,,,,,,,
Denmark,note_on,57,1,trumpet(s),0.0,,,,,,,71.0,109.0,,,,,,,,,,,
Denmark,note_on,999,1,trumpet(s),0.0,,,,,,,70.0,109.0,,,,,,,,,,,
Denmark,note_off,4,1,trumpet(s),0.0,,,,,,,71.0,39.0,,,,,,,,,,,
Denmark,note_off,507,1,trumpet(s),0.0,,,,,,,70.0,79.0,,,,,,,,,,,
Denmark,note_on,193,1,trumpet(s),0.0,,,,,,,69.0,109.0,,,,,,,,,,,
Denmark,note_off,198,1,trumpet(s),0.0,,,,,,,69.0,73.0,,,,,,,,,,,
Denmark,note_on,52,1,trumpet(s),0.0,,,,,,,69.0,115.0,,,,,,,,,,,
Denmark,note_off,458,1,trumpet(s),0.0,,,,,,,69.0,64.0,,,,,,,,,,,
Denmark,note_on,11,1,trumpet(s),0.0,,,,,,,68.0,111.0,,,,,,,,,,,
Denmark,note_off,482,1,trumpet(s),0.0,,,,,,,68.0,81.0,,,,,,,,,,,
Denmark,note_on,7,1,trumpet(s),0.0,,,,,,,67.0,115.0,,,,,,,,,,,
Denmark,note_on,460,1,trumpet(s),0.0,,,,,,,66.0,109.0,,,,,,,,,,,
Denmark,note_off,13,1,trumpet(s),0.0,,,,,,,67.0,1.0,,,,,,,,,,,
Denmark,note_on,484,1,trumpet(s),0.0,,,,,,,71.0,106.0,,,,,,,,,,,
Denmark,note_off,5,1,trumpet(s),0.0,,,,,,,66.0,80.0,,,,,,,,,,,
Denmark,note_off,467,1,trumpet(s),0.0,,,,,,,71.0,78.0,,,,,,,,,,,
Denmark,note_on,3,1,trumpet(s),0.0,,,,,,,74.0,111.0,,,,,,,,,,,
Denmark,note_off,608,1,trumpet(s),0.0,,,,,,,74.0,73.0,,,,,,,,,,,
Denmark,note_on,126,1,trumpet(s),0.0,,,,,,,74.0,111.0,,,,,,,,,,,
Denmark,note_off,219,1,trumpet(s),0.0,,,,,,,74.0,63.0,,,,,,,,,,,
Denmark,note_on,17,1,trumpet(s),0.0,,,,,,,73.0,115.0,,,,,,,,,,,
Denmark,note_off,230,1,trumpet(s),0.0,,,,,,,73.0,65.0,,,,,,,,,,,
Denmark,note_on,1,1,trumpet(s),0.0,,,,,,,71.0,106.0,,,,,,,,,,,
Denmark,note_off,174,1,trumpet(s),0.0,,,,,,,71.0,71.0,,,,,,,,,,,
Denmark,note_on,83,1,trumpet(s),0.0,,,,,,,71.0,109.0,,,,,,,,,,,
Denmark,note_on,469,1,trumpet(s),0.0,,,,,,,69.0,109.0,,,,,,,,,,,
Denmark,note_off,4,1,trumpet(s),0.0,,,,,,,71.0,81.0,,,,,,,,,,,
Denmark,note_off,924,1,trumpet(s),0.0,,,,,,,69.0,49.0,,,,,,,,,,,
Denmark,note_on,25,1,trumpet(s),0.0,,,,,,,61.0,111.0,,,,,,,,,,,
Denmark,note_on,467,1,trumpet(s),0.0,,,,,,,62.0,109.0,,,,,,,,,,,
Denmark,note_off,12,1,trumpet(s),0.0,,,,,,,61.0,77.0,,,,,,,,,,,
Denmark,note_off,1455,1,trumpet(s),0.0,,,,,,,62.0,85.0,,,,,,,,,,,
Denmark,end_of_track,487,1,trumpet(s),,,,,,,,,,,,,,,,,,,,True
Denmark,instrument_name,0,2,fr. horn(s),,,,Sound Canvas,,,,,,,,,,,,,,,,False
Denmark,track_name,0,2,fr. horn(s),,,,,,,,,,,,,,,,,,,,
Denmark,control_change,0,2,fr. horn(s),,1.0,0.0,,,,,,,,,,,,,,,,,
Denmark,control_change,0,2,fr. horn(s),,7.0,127.0,,,,,,,,,,,,,,,,,
Denmark,control_change,0,2,fr. horn(s),,64.0,0.0,,,,,,,,,,,,,,,,,
Denmark,program_change,0,2,fr. horn(s),1.0,,,,,,,,,,60.0,,,,,,,,,
Denmark,control_change,1,2,fr. horn(s),,91.0,127.0,,,,,,,,,,,,,,,,,
Denmark,control_change,0,2,fr. horn(s),,93.0,46.0,,,,,,,,,,,,,,,,,
Denmark,pitchwheel,0,2,fr. horn(s),1.0,,,,,,,,,0.0,,,,,,,,,,
Denmark,control_change,0,2,fr. horn(s),,10.0,51.0,,,,,,,,,,,,,,,,,
Denmark,control_change,0,2,fr. horn(s),,11.0,127.0,,,,,,,,,,,,,,,,,
Denmark,note_on,478,2,fr. horn(s),1.0,,,,,,,66.0,69.0,,,,,,,,,,,
Denmark,note_on,12,2,fr. horn(s),1.0,,,,,,,62.0,68.0,,,,,,,,,,,
Denmark,note_on,0,2,fr. horn(s),1.0,,,,,,,57.0,47.0,,,,,,,,,,,
Denmark,note_off,568,2,fr. horn(s),1.0,,,,,,,57.0,41.0,,,,,,,,,,,
Denmark,note_off,49,2,fr. horn(s),1.0,,,,,,,62.0,41.0,,,,,,,,,,,
Denmark,note_off,72,2,fr. horn(s),1.0,,,,,,,66.0,18.0,,,,,,,,,,,
Denmark,note_on,12,2,fr. horn(s),1.0,,,,,,,57.0,61.0,,,,,,,,,,,
Denmark,note_off,129,2,fr. horn(s),1.0,,,,,,,57.0,36.0,,,,,,,,,,,
Denmark,note_on,99,2,fr. horn(s),1.0,,,,,,,62.0,68.0,,,,,,,,,,,
Denmark,note_on,10,2,fr. horn(s),1.0,,,,,,,57.0,41.0,,,,,,,,,,,
Denmark,note_off,349,2,fr. horn(s),1.0,,,,,,,57.0,15.0,,,,,,,,,,,
Denmark,note_off,104,2,fr. horn(s),1.0,,,,,,,62.0,35.0,,,,,,,,,,,
Denmark,note_on,17,2,fr. horn(s),1.0,,,,,,,54.0,74.0,,,,,,,,,,,
Denmark,note_on,32,2,fr. horn(s),1.0,,,,,,,57.0,61.0,,,,,,,,,,,
Denmark,note_off,284,2,fr. horn(s),1.0,,,,,,,57.0,30.0,,,,,,,,,,,
Denmark,note_off,95,2,fr. horn(s),1.0,,,,,,,54.0,74.0,,,,,,,,,,,
Denmark,note_on,89,2,fr. horn(s),1.0,,,,,,,59.0,68.0,,,,,,,,,,,
Denmark,note_on,4,2,fr. horn(s),1.0,,,,,,,62.0,65.0,,,,,,,,,,,
Denmark,note_on,1,2,fr. horn(s),1.0,,,,,,,67.0,65.0,,,,,,,,,,,
Denmark,note_off,1527,2,fr. horn(s),1.0,,,,,,,59.0,92.0,,,,,,,,,,,
Denmark,note_off,3,2,fr. horn(s),1.0,,,,,,,62.0,54.0,,,,,,,,,,,
Denmark,note_off,8,2,fr. horn(s),1.0,,,,,,,67.0,74.0,,,,,,,,,,,
Denmark,note_on,344,2,fr. horn(s),1.0,,,,,,,62.0,63.0,,,,,,,,,,,
Denmark,note_on,1,2,fr. horn(s),1.0,,,,,,,67.0,74.0,,,,,,,,,,,
Denmark,note_off,567,2,fr. horn(s),1.0,,,,,,,62.0,3.0,,,,,,,,,,,
Denmark,note_off,164,2,fr. horn(s),1.0,,,,,,,67.0,71.0,,,,,,,,,,,
Denmark,note_on,5,2,fr. horn(s),1.0,,,,,,,62.0,74.0,,,,,,,,,,,
Denmark,note_off,190,2,fr. horn(s),1.0,,,,,,,62.0,22.0,,,,,,,,,,,
Denmark,note_on,38,2,fr. horn(s),1.0,,,,,,,67.0,79.0,,,,,,,,,,,
Denmark,note_on,4,2,fr. horn(s),1.0,,,,,,,62.0,68.0,,,,,,,,,,,
Denmark,note_off,372,2,fr. horn(s),1.0,,,,,,,62.0,28.0,,,,,,,,,,,
Denmark,note_off,7,2,fr. horn(s),1.0,,,,,,,67.0,51.0,,,,,,,,,,,
Denmark,note_on,81,2,fr. horn(s),1.0,,,,,,,67.0,74.0,,,,,,,,,,,
Denmark,note_on,5,2,fr. horn(s),1.0,,,,,,,62.0,68.0,,,,,,,,,,,
Denmark,note_off,375,2,fr. horn(s),1.0,,,,,,,67.0,39.0,,,,,,,,,,,
Denmark,note_off,19,2,fr. horn(s),1.0,,,,,,,62.0,27.0,,,,,,,,,,,
Denmark,note_on,94,2,fr. horn(s),1.0,,,,,,,67.0,79.0,,,,,,,,,,,
Denmark,note_on,1,2,fr. horn(s),1.0,,,,,,,62.0,61.0,,,,,,,,,,,
Denmark,note_on,490,2,fr. horn(s),1.0,,,,,,,66.0,77.0,,,,,,,,,,,
Denmark,note_off,33,2,fr. horn(s),1.0,,,,,,,67.0,42.0,,,,,,,,,,,
Denmark,note_off,704,2,fr. horn(s),1.0,,,,,,,66.0,64.0,,,,,,,,,,,
Denmark,note_off,2,2,fr. horn(s),1.0,,,,,,,62.0,53.0,,,,,,,,,,,
Denmark,note_on,225,2,fr. horn(s),1.0,,,,,,,62.0,72.0,,,,,,,,,,,
Denmark,note_on,14,2,fr. horn(s),1.0,,,,,,,57.0,69.0,,,,,,,,,,,
Denmark,note_off,375,2,fr. horn(s),1.0,,,,,,,57.0,56.0,,,,,,,,,,,
Denmark,note_off,17,2,fr. horn(s),1.0,,,,,,,62.0,71.0,,,,,,,,,,,
Denmark,note_on,74,2,fr. horn(s),1.0,,,,,,,57.0,75.0,,,,,,,,,,,
Denmark,note_off,615,2,fr. horn(s),1.0,,,,,,,57.0,33.0,,,,,,,,,,,
Denmark,note_on,92,2,fr. horn(s),1.0,,,,,,,57.0,72.0,,,,,,,,,,,
Denmark,note_off,157,2,fr. horn(s),1.0,,,,,,,57.0,28.0,,,,,,,,,,,
Denmark,note_on,89,2,fr. horn(s),1.0,,,,,,,57.0,71.0,,,,,,,,,,,
Denmark,note_off,363,2,fr. horn(s),1.0,,,,,,,57.0,10.0,,,,,,,,,,,
Denmark,note_on,107,2,fr. horn(s),1.0,,,,,,,57.0,61.0,,,,,,,,,,,
Denmark,note_on,2,2,fr. horn(s),1.0,,,,,,,55.0,68.0,,,,,,,,,,,
Denmark,note_off,399,2,fr. horn(s),1.0,,,,,,,57.0,1.0,,,,,,,,,,,
Denmark,note_off,31,2,fr. horn(s),1.0,,,,,,,55.0,53.0,,,,,,,,,,,
Denmark,note_on,81,2,fr. horn(s),1.0,,,,,,,54.0,79.0,,,,,,,,,,,
Denmark,note_on,15,2,fr. horn(s),1.0,,,,,,,59.0,68.0,,,,,,,,,,,
Denmark,note_off,397,2,fr. horn(s),1.0,,,,,,,59.0,19.0,,,,,,,,,,,
Denmark,note_off,47,2,fr. horn(s),1.0,,,,,,,54.0,27.0,,,,,,,,,,,
Denmark,note_on,19,2,fr. horn(s),1.0,,,,,,,64.0,74.0,,,,,,,,,,,
Denmark,note_on,4,2,fr. horn(s),1.0,,,,,,,59.0,72.0,,,,,,,,,,,
Denmark,note_off,371,2,fr. horn(s),1.0,,,,,,,64.0,66.0,,,,,,,,,,,
Denmark,note_off,73,2,fr. horn(s),1.0,,,,,,,59.0,5.0,,,,,,,,,,,
Denmark,note_on,7,2,fr. horn(s),1.0,,,,,,,64.0,75.0,,,,,,,,,,,
Denmark,note_on,9,2,fr. horn(s),1.0,,,,,,,57.0,57.0,,,,,,,,,,,
Denmark,note_off,360,2,fr. horn(s),1.0,,,,,,,64.0,17.0,,,,,,,,,,,
Denmark,note_off,84,2,fr. horn(s),1.0,,,,,,,57.0,70.0,,,,,,,,,,,
Denmark,note_on,23,2,fr. horn(s),1.0,,,,,,,66.0,63.0,,,,,,,,,,,
Denmark,note_on,8,2,fr. horn(s),1.0,,,,,,,62.0,71.0,,,,,,,,,,,
Denmark,note_off,379,2,fr. horn(s),1.0,,,,,,,62.0,1.0,,,,,,,,,,,
Denmark,note_off,9,2,fr. horn(s),1.0,,,,,,,66.0,20.0,,,,,,,,,,,
Denmark,note_on,84,2,fr. horn(s),1.0,,,,,,,61.0,71.0,,,,,,,,,,,
Denmark,note_on,13,2,fr. horn(s),1.0,,,,,,,64.0,71.0,,,,,,,,,,,
Denmark,note_off,826,2,fr. horn(s),1.0,,,,,,,64.0,50.0,,,,,,,,,,,
Denmark,note_off,95,2,fr. horn(s),1.0,,,,,,,61.0,70.0,,,,,,,,,,,
Denmark,note_on,33,2,fr. horn(s),1.0,,,,,,,64.0,72.0,,,,,,,,,,,
Denmark,note_on,14,2,fr. horn(s),1.0,,,,,,,59.0,41.0,,,,,,,,,,,
Denmark,note_on,22,2,fr. horn(s),1.0,,,,,,,62.0,1.0,,,,,,,,,,,
Denmark,note_off,792,2,fr. horn(s),1.0,,,,,,,64.0,1.0,,,,,,,,,,,
Denmark,note_off,41,2,fr. horn(s),1.0,,,,,,,62.0,42.0,,,,,,,,,,,
Denmark,note_on,94,2,fr. horn(s),1.0,,,,,,,64.0,71.0,,,,,,,,,,,
Denmark,note_on,2,2,fr. horn(s),1.0,,,,,,,61.0,53.0,,,,,,,,,,,
Denmark,note_on,18,2,fr. horn(s),1.0,,,,,,,57.0,71.0,,,,,,,,,,,
Denmark,note_off,12,2,fr. horn(s),1.0,,,,,,,59.0,9.0,,,,,,,,,,,
Denmark,note_off,1387,2,fr. horn(s),1.0,,,,,,,61.0,83.0,,,,,,,,,,,
Denmark,note_off,1,2,fr. horn(s),1.0,,,,,,,64.0,79.0,,,,,,,,,,,
Denmark,note_off,9,2,fr. horn(s),1.0,,,,,,,57.0,90.0,,,,,,,,,,,
Denmark,note_on,512,2,fr. horn(s),1.0,,,,,,,67.0,75.0,,,,,,,,,,,
Denmark,note_on,0,2,fr. horn(s),1.0,,,,,,,64.0,69.0,,,,,,,,,,,
Denmark,note_off,643,2,fr. horn(s),1.0,,,,,,,67.0,59.0,,,,,,,,,,,
Denmark,note_off,7,2,fr. horn(s),1.0,,,,,,,64.0,51.0,,,,,,,,,,,
Denmark,note_on,54,2,fr. horn(s),1.0,,,,,,,67.0,71.0,,,,,,,,,,,
Denmark,note_on,8,2,fr. horn(s),1.0,,,,,,,64.0,68.0,,,,,,,,,,,
Denmark,note_off,166,2,fr. horn(s),1.0,,,,,,,64.0,64.0,,,,,,,,,,,
Denmark,note_off,6,2,fr. horn(s),1.0,,,,,,,67.0,57.0,,,,,,,,,,,
Denmark,note_on,69,2,fr. horn(s),1.0,,,,,,,67.0,74.0,,,,,,,,,,,
Denmark,note_on,11,2,fr. horn(s),1.0,,,,,,,62.0,75.0,,,,,,,,,,,
Denmark,note_off,393,2,fr. horn(s),1.0,,,,,,,67.0,51.0,,,,,,,,,,,
Denmark,note_on,73,2,fr. horn(s),1.0,,,,,,,61.0,79.0,,,,,,,,,,,
Denmark,note_off,1,2,fr. horn(s),1.0,,,,,,,62.0,25.0,,,,,,,,,,,
Denmark,note_on,7,2,fr. horn(s),1.0,,,,,,,67.0,85.0,,,,,,,,,,,
Denmark,note_off,333,2,fr. horn(s),1.0,,,,,,,67.0,39.0,,,,,,,,,,,
Denmark,note_on,131,2,fr. horn(s),1.0,,,,,,,67.0,72.0,,,,,,,,,,,
Denmark,note_on,7,2,fr. horn(s),1.0,,,,,,,62.0,74.0,,,,,,,,,,,
Denmark,note_off,6,2,fr. horn(s),1.0,,,,,,,61.0,39.0,,,,,,,,,,,
Denmark,note_off,615,2,fr. horn(s),1.0,,,,,,,62.0,42.0,,,,,,,,,,,
Denmark,note_on,77,2,fr. horn(s),1.0,,,,,,,62.0,74.0,,,,,,,,,,,
Denmark,note_on,5,2,fr. horn(s),1.0,,,,,,,66.0,68.0,,,,,,,,,,,
Denmark,note_off,23,2,fr. horn(s),1.0,,,,,,,67.0,62.0,,,,,,,,,,,
Denmark,note_off,143,2,fr. horn(s),1.0,,,,,,,62.0,37.0,,,,,,,,,,,
Denmark,note_off,14,2,fr. horn(s),1.0,,,,,,,66.0,59.0,,,,,,,,,,,
Denmark,note_on,72,2,fr. horn(s),1.0,,,,,,,66.0,65.0,,,,,,,,,,,
Denmark,note_on,1,2,fr. horn(s),1.0,,,,,,,62.0,79.0,,,,,,,,,,,
Denmark,note_off,380,2,fr. horn(s),1.0,,,,,,,62.0,12.0,,,,,,,,,,,
Denmark,note_off,67,2,fr. horn(s),1.0,,,,,,,66.0,1.0,,,,,,,,,,,
Denmark,note_on,34,2,fr. horn(s),1.0,,,,,,,64.0,74.0,,,,,,,,,,,
Denmark,note_on,1,2,fr. horn(s),1.0,,,,,,,57.0,75.0,,,,,,,,,,,
Denmark,note_off,377,2,fr. horn(s),1.0,,,,,,,57.0,68.0,,,,,,,,,,,
Denmark,note_off,3,2,fr. horn(s),1.0,,,,,,,64.0,43.0,,,,,,,,,,,
Denmark,note_on,75,2,fr. horn(s),1.0,,,,,,,66.0,71.0,,,,,,,,,,,
Denmark,note_on,7,2,fr. horn(s),1.0,,,,,,,62.0,66.0,,,,,,,,,,,
Denmark,note_on,0,2,fr. horn(s),1.0,,,,,,,59.0,77.0,,,,,,,,,,,
Denmark,note_off,566,2,fr. horn(s),1.0,,,,,,,59.0,54.0,,,,,,,,,,,
Denmark,note_off,91,2,fr. horn(s),1.0,,,,,,,62.0,17.0,,,,,,,,,,,
Denmark,note_on,46,2,fr. horn(s),1.0,,,,,,,63.0,85.0,,,,,,,,,,,
Denmark,note_on,7,2,fr. horn(s),1.0,,,,,,,59.0,71.0,,,,,,,,,,,
Denmark,note_off,11,2,fr. horn(s),1.0,,,,,,,66.0,19.0,,,,,,,,,,,
Denmark,note_off,133,2,fr. horn(s),1.0,,,,,,,59.0,1.0,,,,,,,,,,,
Denmark,note_off,80,2,fr. horn(s),1.0,,,,,,,63.0,61.0,,,,,,,,,,,
Denmark,note_on,16,2,fr. horn(s),1.0,,,,,,,64.0,71.0,,,,,,,,,,,
Denmark,note_on,8,2,fr. horn(s),1.0,,,,,,,59.0,75.0,,,,,,,,,,,
Denmark,note_off,318,2,fr. horn(s),1.0,,,,,,,59.0,44.0,,,,,,,,,,,
Denmark,note_off,117,2,fr. horn(s),1.0,,,,,,,64.0,28.0,,,,,,,,,,,
Denmark,note_on,27,2,fr. horn(s),1.0,,,,,,,59.0,77.0,,,,,,,,,,,
Denmark,note_on,1,2,fr. horn(s),1.0,,,,,,,65.0,74.0,,,,,,,,,,,
Denmark,note_off,416,2,fr. horn(s),1.0,,,,,,,65.0,29.0,,,,,,,,,,,
Denmark,note_off,58,2,fr. horn(s),1.0,,,,,,,59.0,10.0,,,,,,,,,,,
Denmark,note_on,18,2,fr. horn(s),1.0,,,,,,,61.0,79.0,,,,,,,,,,,
Denmark,note_on,4,2,fr. horn(s),1.0,,,,,,,66.0,77.0,,,,,,,,,,,
Denmark,note_off,846,2,fr. horn(s),1.0,,,,,,,61.0,38.0,,,,,,,,,,,
Denmark,note_off,23,2,fr. horn(s),1.0,,,,,,,66.0,53.0,,,,,,,,,,,
Denmark,note_on,78,2,fr. horn(s),1.0,,,,,,,66.0,65.0,,,,,,,,,,,
Denmark,note_on,10,2,fr. horn(s),1.0,,,,,,,61.0,43.0,,,,,,,,,,,
Denmark,note_off,489,2,fr. horn(s),1.0,,,,,,,61.0,78.0,,,,,,,,,,,
Denmark,note_off,8,2,fr. horn(s),1.0,,,,,,,66.0,60.0,,,,,,,,,,,
Denmark,note_on,251,2,fr. horn(s),1.0,,,,,,,66.0,57.0,,,,,,,,,,,
Denmark,note_on,4,2,fr. horn(s),1.0,,,,,,,60.0,82.0,,,,,,,,,,,
Denmark,note_off,164,2,fr. horn(s),1.0,,,,,,,66.0,81.0,,,,,,,,,,,
Denmark,note_off,15,2,fr. horn(s),1.0,,,,,,,60.0,48.0,,,,,,,,,,,
Denmark,note_on,66,2,fr. horn(s),1.0,,,,,,,66.0,71.0,,,,,,,,,,,
Denmark,note_on,11,2,fr. horn(s),1.0,,,,,,,59.0,53.0,,,,,,,,,,,
Denmark,note_off,336,2,fr. horn(s),1.0,,,,,,,59.0,1.0,,,,,,,,,,,
Denmark,note_on,125,2,fr. horn(s),1.0,,,,,,,59.0,71.0,,,,,,,,,,,
Denmark,note_on,14,2,fr. horn(s),1.0,,,,,,,64.0,77.0,,,,,,,,,,,
Denmark,note_off,30,2,fr. horn(s),1.0,,,,,,,66.0,63.0,,,,,,,,,,,
Denmark,note_off,362,2,fr. horn(s),1.0,,,,,,,64.0,51.0,,,,,,,,,,,
Denmark,note_off,20,2,fr. horn(s),1.0,,,,,,,59.0,18.0,,,,,,,,,,,
Denmark,note_on,45,2,fr. horn(s),1.0,,,,,,,64.0,69.0,,,,,,,,,,,
Denmark,note_on,1,2,fr. horn(s),1.0,,,,,,,57.0,77.0,,,,,,,,,,,
Denmark,note_off,385,2,fr. horn(s),1.0,,,,,,,57.0,44.0,,,,,,,,,,,
Denmark,note_off,93,2,fr. horn(s),1.0,,,,,,,64.0,54.0,,,,,,,,,,,
Denmark,note_on,6,2,fr. horn(s),1.0,,,,,,,57.0,72.0,,,,,,,,,,,
Denmark,note_on,2,2,fr. horn(s),1.0,,,,,,,62.0,72.0,,,,,,,,,,,
Denmark,note_off,357,2,fr. horn(s),1.0,,,,,,,57.0,55.0,,,,,,,,,,,
Denmark,note_off,0,2,fr. horn(s),1.0,,,,,,,62.0,7.0,,,,,,,,,,,
Denmark,note_on,118,2,fr. horn(s),1.0,,,,,,,62.0,77.0,,,,,,,,,,,
Denmark,note_on,4,2,fr. horn(s),1.0,,,,,,,67.0,79.0,,,,,,,,,,,
Denmark,note_off,358,2,fr. horn(s),1.0,,,,,,,62.0,49.0,,,,,,,,,,,
Denmark,note_off,24,2,fr. horn(s),1.0,,,,,,,67.0,23.0,,,,,,,,,,,
Denmark,note_on,99,2,fr. horn(s),1.0,,,,,,,71.0,55.0,,,,,,,,,,,
Denmark,note_on,1,2,fr. horn(s),1.0,,,,,,,62.0,74.0,,,,,,,,,,,
Denmark,note_on,5,2,fr. horn(s),1.0,,,,,,,65.0,66.0,,,,,,,,,,,
Denmark,note_off,623,2,fr. horn(s),1.0,,,,,,,65.0,20.0,,,,,,,,,,,
Denmark,note_off,8,2,fr. horn(s),1.0,,,,,,,62.0,45.0,,,,,,,,,,,
Denmark,note_off,72,2,fr. horn(s),1.0,,,,,,,71.0,61.0,,,,,,,,,,,
Denmark,note_on,8,2,fr. horn(s),1.0,,,,,,,65.0,61.0,,,,,,,,,,,
Denmark,note_on,6,2,fr. horn(s),1.0,,,,,,,62.0,74.0,,,,,,,,,,,
Denmark,note_off,134,2,fr. horn(s),1.0,,,,,,,62.0,41.0,,,,,,,,,,,
Denmark,note_off,15,2,fr. horn(s),1.0,,,,,,,65.0,55.0,,,,,,,,,,,
Denmark,note_on,71,2,fr. horn(s),1.0,,,,,,,62.0,71.0,,,,,,,,,,,
Denmark,note_on,12,2,fr. horn(s),1.0,,,,,,,65.0,65.0,,,,,,,,,,,
Denmark,note_off,139,2,fr. horn(s),1.0,,,,,,,62.0,48.0,,,,,,,,,,,
Denmark,note_off,16,2,fr. horn(s),1.0,,,,,,,65.0,50.0,,,,,,,,,,,
Denmark,note_on,72,2,fr. horn(s),1.0,,,,,,,62.0,75.0,,,,,,,,,,,
Denmark,note_on,1,2,fr. horn(s),1.0,,,,,,,65.0,72.0,,,,,,,,,,,
Denmark,note_off,190,2,fr. horn(s),1.0,,,,,,,62.0,50.0,,,,,,,,,,,
Denmark,note_off,34,2,fr. horn(s),1.0,,,,,,,65.0,1.0,,,,,,,,,,,
Denmark,note_on,34,2,fr. horn(s),1.0,,,,,,,62.0,77.0,,,,,,,,,,,
Denmark,note_on,0,2,fr. horn(s),1.0,,,,,,,66.0,68.0,,,,,,,,,,,
Denmark,note_off,1181,2,fr. horn(s),1.0,,,,,,,62.0,17.0,,,,,,,,,,,
Denmark,note_off,232,2,fr. horn(s),1.0,,,,,,,66.0,84.0,,,,,,,,,,,
Denmark,note_on,25,2,fr. horn(s),1.0,,,,,,,55.0,61.0,,,,,,,,,,,
Denmark,note_on,14,2,fr. horn(s),1.0,,,,,,,57.0,72.0,,,,,,,,,,,
Denmark,note_off,373,2,fr. horn(s),1.0,,,,,,,57.0,51.0,,,,,,,,,,,
Denmark,note_off,15,2,fr. horn(s),1.0,,,,,,,55.0,48.0,,,,,,,,,,,
Denmark,note_on,74,2,fr. horn(s),1.0,,,,,,,54.0,68.0,,,,,,,,,,,
Denmark,note_on,19,2,fr. horn(s),1.0,,,,,,,57.0,63.0,,,,,,,,,,,
Denmark,note_off,1449,2,fr. horn(s),1.0,,,,,,,57.0,88.0,,,,,,,,,,,
Denmark,note_off,9,2,fr. horn(s),1.0,,,,,,,54.0,99.0,,,,,,,,,,,
Denmark,end_of_track,458,2,fr. horn(s),,,,,,,,,,,,,,,,,,,,True
Denmark,instrument_name,0,3,trombone(s),,,,Sound Canvas,,,,,,,,,,,,,,,,False
Denmark,track_name,0,3,trombone(s),,,,,,,,,,,,,,,,,,,,
Denmark,control_change,0,3,trombone(s),,1.0,0.0,,,,,,,,,,,,,,,,,
Denmark,control_change,0,3,trombone(s),,7.0,120.0,,,,,,,,,,,,,,,,,
Denmark,control_change,0,3,trombone(s),,64.0,0.0,,,,,,,,,,,,,,,,,
Denmark,program_change,0,3,trombone(s),2.0,,,,,,,,,,57.0,,,,,,,,,
Denmark,control_change,1,3,trombone(s),,91.0,127.0,,,,,,,,,,,,,,,,,
Denmark,control_change,0,3,trombone(s),,93.0,76.0,,,,,,,,,,,,,,,,,
Denmark,pitchwheel,0,3,trombone(s),2.0,,,,,,,,,0.0,,,,,,,,,,
Denmark,control_change,0,3,trombone(s),,10.0,82.0,,,,,,,,,,,,,,,,,
Denmark,control_change,0,3,trombone(s),,11.0,127.0,,,,,,,,,,,,,,,,,
Denmark,note_on,477,3,trombone(s),2.0,,,,,,,50.0,106.0,,,,,,,,,,,
Denmark,note_off,1334,3,trombone(s),2.0,,,,,,,50.0,66.0,,,,,,,,,,,
Denmark,note_on,72,3,trombone(s),2.0,,,,,,,50.0,95.0,,,,,,,,,,,
Denmark,note_off,504,3,trombone(s),2.0,,,,,,,50.0,70.0,,,,,,,,,,,
Denmark,note_on,3,3,trombone(s),2.0,,,,,,,43.0,101.0,,,,,,,,,,,
Denmark,note_off,1506,3,trombone(s),2.0,,,,,,,43.0,87.0,,,,,,,,,,,
Denmark,note_on,406,3,trombone(s),2.0,,,,,,,47.0,106.0,,,,,,,,,,,
Denmark,note_off,635,3,trombone(s),2.0,,,,,,,47.0,70.0,,,,,,,,,,,
Denmark,note_on,69,3,trombone(s),2.0,,,,,,,47.0,103.0,,,,,,,,,,,
Denmark,note_off,196,3,trombone(s),2.0,,,,,,,47.0,54.0,,,,,,,,,,,
Denmark,note_on,45,3,trombone(s),2.0,,,,,,,45.0,109.0,,,,,,,,,,,
Denmark,note_off,456,3,trombone(s),2.0,,,,,,,45.0,33.0,,,,,,,,,,,
Denmark,note_on,40,3,trombone(s),2.0,,,,,,,43.0,101.0,,,,,,,,,,,
Denmark,note_on,462,3,trombone(s),2.0,,,,,,,50.0,101.0,,,,,,,,,,,
Denmark,note_off,3,3,trombone(s),2.0,,,,,,,43.0,78.0,,,,,,,,,,,
Denmark,note_off,381,3,trombone(s),2.0,,,,,,,50.0,51.0,,,,,,,,,,,
Denmark,note_on,96,3,trombone(s),2.0,,,,,,,50.0,98.0,,,,,,,,,,,
Denmark,note_off,801,3,trombone(s),2.0,,,,,,,50.0,1.0,,,,,,,,,,,
Denmark,note_on,175,3,trombone(s),2.0,,,,,,,54.0,101.0,,,,,,,,,,,
Denmark,note_off,456,3,trombone(s),2.0,,,,,,,54.0,58.0,,,,,,,,,,,
Denmark,note_on,17,3,trombone(s),2.0,,,,,,,55.0,95.0,,,,,,,,,,,
Denmark,note_off,653,3,trombone(s),2.0,,,,,,,55.0,55.0,,,,,,,,,,,
Denmark,note_on,57,3,trombone(s),2.0,,,,,,,55.0,85.0,,,,,,,,,,,
Denmark,note_off,250,3,trombone(s),2.0,,,,,,,55.0,30.0,,,,,,,,,,,
Denmark,note_on,6,3,trombone(s),2.0,,,,,,,54.0,101.0,,,,,,,,,,,
Denmark,note_off,470,3,trombone(s),2.0,,,,,,,54.0,1.0,,,,,,,,,,,
Denmark,note_on,0,3,trombone(s),2.0,,,,,,,49.0,98.0,,,,,,,,,,,
Denmark,note_off,477,3,trombone(s),2.0,,,,,,,49.0,49.0,,,,,,,,,,,
Denmark,note_on,2,3,trombone(s),2.0,,,,,,,54.0,98.0,,,,,,,,,,,
Denmark,note_off,477,3,trombone(s),2.0,,,,,,,54.0,52.0,,,,,,,,,,,
Denmark,note_on,6,3,trombone(s),2.0,,,,,,,50.0,101.0,,,,,,,,,,,
Denmark,note_off,395,3,trombone(s),2.0,,,,,,,50.0,20.0,,,,,,,,,,,
Denmark,note_on,75,3,trombone(s),2.0,,,,,,,49.0,106.0,,,,,,,,,,,
Denmark,note_off,456,3,trombone(s),2.0,,,,,,,49.0,65.0,,,,,,,,,,,
Denmark,note_on,37,3,trombone(s),2.0,,,,,,,50.0,98.0,,,,,,,,,,,
Denmark,note_off,452,3,trombone(s),2.0,,,,,,,50.0,41.0,,,,,,,,,,,
Denmark,note_on,42,3,trombone(s),2.0,,,,,,,52.0,95.0,,,,,,,,,,,
Denmark,note_off,870,3,trombone(s),2.0,,,,,,,52.0,31.0,,,,,,,,,,,
Denmark,note_on,85,3,trombone(s),2.0,,,,,,,40.0,95.0,,,,,,,,,,,
Denmark,note_off,957,3,trombone(s),2.0,,,,,,,40.0,57.0,,,,,,,,,,,
Denmark,note_on,9,3,trombone(s),2.0,,,,,,,45.0,95.0,,,,,,,,,,,
Denmark,note_off,1459,3,trombone(s),2.0,,,,,,,45.0,98.0,,,,,,,,,,,
Denmark,note_on,470,3,trombone(s),2.0,,,,,,,57.0,95.0,,,,,,,,,,,
Denmark,note_off,1323,3,trombone(s),2.0,,,,,,,57.0,1.0,,,,,,,,,,,
Denmark,note_on,109,3,trombone(s),2.0,,,,,,,45.0,101.0,,,,,,,,,,,
Denmark,note_off,449,3,trombone(s),2.0,,,,,,,45.0,55.0,,,,,,,,,,,
Denmark,note_on,14,3,trombone(s),2.0,,,,,,,50.0,95.0,,,,,,,,,,,
Denmark,note_off,706,3,trombone(s),2.0,,,,,,,50.0,69.0,,,,,,,,,,,
Denmark,note_on,25,3,trombone(s),2.0,,,,,,,57.0,98.0,,,,,,,,,,,
Denmark,note_off,167,3,trombone(s),2.0,,,,,,,57.0,54.0,,,,,,,,,,,
Denmark,note_on,84,3,trombone(s),2.0,,,,,,,57.0,93.0,,,,,,,,,,,
Denmark,note_on,488,3,trombone(s),2.0,,,,,,,49.0,98.0,,,,,,,,,,,
Denmark,note_off,5,3,trombone(s),2.0,,,,,,,57.0,27.0,,,,,,,,,,,
Denmark,note_off,434,3,trombone(s),2.0,,,,,,,49.0,45.0,,,,,,,,,,,
Denmark,note_on,20,3,trombone(s),2.0,,,,,,,47.0,98.0,,,,,,,,,,,
Denmark,note_off,702,3,trombone(s),2.0,,,,,,,47.0,72.0,,,,,,,,,,,
Denmark,note_on,8,3,trombone(s),2.0,,,,,,,57.0,98.0,,,,,,,,,,,
Denmark,note_off,245,3,trombone(s),2.0,,,,,,,57.0,51.0,,,,,,,,,,,
Denmark,note_on,2,3,trombone(s),2.0,,,,,,,55.0,79.0,,,,,,,,,,,
Denmark,note_off,389,3,trombone(s),2.0,,,,,,,55.0,42.0,,,,,,,,,,,
Denmark,note_on,76,3,trombone(s),2.0,,,,,,,55.0,77.0,,,,,,,,,,,
Denmark,note_off,459,3,trombone(s),2.0,,,,,,,55.0,22.0,,,,,,,,,,,
Denmark,note_on,41,3,trombone(s),2.0,,,,,,,54.0,103.0,,,,,,,,,,,
Denmark,note_off,1521,3,trombone(s),2.0,,,,,,,54.0,83.0,,,,,,,,,,,
Denmark,note_on,150,3,trombone(s),2.0,,,,,,,52.0,98.0,,,,,,,,,,,
Denmark,note_off,219,3,trombone(s),2.0,,,,,,,52.0,46.0,,,,,,,,,,,
Denmark,note_on,41,3,trombone(s),2.0,,,,,,,51.0,103.0,,,,,,,,,,,
Denmark,note_off,474,3,trombone(s),2.0,,,,,,,51.0,38.0,,,,,,,,,,,
Denmark,note_on,10,3,trombone(s),2.0,,,,,,,52.0,95.0,,,,,,,,,,,
Denmark,note_on,464,3,trombone(s),2.0,,,,,,,49.0,103.0,,,,,,,,,,,
Denmark,note_off,17,3,trombone(s),2.0,,,,,,,52.0,1.0,,,,,,,,,,,
Denmark,note_on,439,3,trombone(s),2.0,,,,,,,50.0,98.0,,,,,,,,,,,
Denmark,note_off,1,3,trombone(s),2.0,,,,,,,49.0,64.0,,,,,,,,,,,
Denmark,note_off,468,3,trombone(s),2.0,,,,,,,50.0,68.0,,,,,,,,,,,
Denmark,note_on,22,3,trombone(s),2.0,,,,,,,43.0,98.0,,,,,,,,,,,
Denmark,note_off,482,3,trombone(s),2.0,,,,,,,43.0,1.0,,,,,,,,,,,
Denmark,note_on,8,3,trombone(s),2.0,,,,,,,44.0,98.0,,,,,,,,,,,
Denmark,note_off,731,3,trombone(s),2.0,,,,,,,44.0,80.0,,,,,,,,,,,
Denmark,note_on,1,3,trombone(s),2.0,,,,,,,56.0,103.0,,,,,,,,,,,
Denmark,note_off,140,3,trombone(s),2.0,,,,,,,56.0,75.0,,,,,,,,,,,
Denmark,note_on,98,3,trombone(s),2.0,,,,,,,56.0,93.0,,,,,,,,,,,
Denmark,note_off,141,3,trombone(s),2.0,,,,,,,56.0,59.0,,,,,,,,,,,
Denmark,note_on,81,3,trombone(s),2.0,,,,,,,56.0,106.0,,,,,,,,,,,
Denmark,note_off,213,3,trombone(s),2.0,,,,,,,56.0,39.0,,,,,,,,,,,
Denmark,note_on,29,3,trombone(s),2.0,,,,,,,57.0,98.0,,,,,,,,,,,
Denmark,note_off,798,3,trombone(s),2.0,,,,,,,57.0,1.0,,,,,,,,,,,
Denmark,note_on,174,3,trombone(s),2.0,,,,,,,45.0,103.0,,,,,,,,,,,
Denmark,note_off,919,3,trombone(s),2.0,,,,,,,45.0,74.0,,,,,,,,,,,
Denmark,note_on,3,3,trombone(s),2.0,,,,,,,50.0,90.0,,,,,,,,,,,
Denmark,note_off,1455,3,trombone(s),2.0,,,,,,,50.0,99.0,,,,,,,,,,,
Denmark,end_of_track,515,3,trombone(s),,,,,,,,,,,,,,,,,,,,True
Denmark,instrument_name,0,4,tuba(s),,,,Sound Canvas,,,,,,,,,,,,,,,,False
Denmark,track_name,0,4,tuba(s),,,,,,,,,,,,,,,,,,,,
Denmark,control_change,0,4,tuba(s),,1.0,0.0,,,,,,,,,,,,,,,,,
Denmark,control_change,0,4,tuba(s),,7.0,116.0,,,,,,,,,,,,,,,,,
Denmark,control_change,0,4,tuba(s),,64.0,0.0,,,,,,,,,,,,,,,,,
Denmark,program_change,0,4,tuba(s),3.0,,,,,,,,,,58.0,,,,,,,,,
Denmark,control_change,1,4,tuba(s),,91.0,127.0,,,,,,,,,,,,,,,,,
Denmark,control_change,0,4,tuba(s),,93.0,46.0,,,,,,,,,,,,,,,,,
Denmark,pitchwheel,0,4,tuba(s),3.0,,,,,,,,,0.0,,,,,,,,,,
Denmark,control_change,0,4,tuba(s),,10.0,52.0,,,,,,,,,,,,,,,,,
Denmark,control_change,0,4,tuba(s),,11.0,127.0,,,,,,,,,,,,,,,,,
Denmark,note_on,490,4,tuba(s),3.0,,,,,,,38.0,109.0,,,,,,,,,,,
Denmark,note_off,1355,4,tuba(s),3.0,,,,,,,38.0,64.0,,,,,,,,,,,
Denmark,note_on,60,4,tuba(s),3.0,,,,,,,38.0,109.0,,,,,,,,,,,
Denmark,note_off,462,4,tuba(s),3.0,,,,,,,38.0,55.0,,,,,,,,,,,
Denmark,note_on,23,4,tuba(s),3.0,,,,,,,31.0,115.0,,,,,,,,,,,
Denmark,note_off,1459,4,tuba(s),3.0,,,,,,,31.0,83.0,,,,,,,,,,,
Denmark,note_on,481,4,tuba(s),3.0,,,,,,,35.0,109.0,,,,,,,,,,,
Denmark,note_off,598,4,tuba(s),3.0,,,,,,,35.0,63.0,,,,,,,,,,,
Denmark,note_on,91,4,tuba(s),3.0,,,,,,,35.0,111.0,,,,,,,,,,,
Denmark,note_off,149,4,tuba(s),3.0,,,,,,,35.0,58.0,,,,,,,,,,,
Denmark,note_on,75,4,tuba(s),3.0,,,,,,,33.0,111.0,,,,,,,,,,,
Denmark,note_off,443,4,tuba(s),3.0,,,,,,,33.0,62.0,,,,,,,,,,,
Denmark,note_on,52,4,tuba(s),3.0,,,,,,,31.0,111.0,,,,,,,,,,,
Denmark,note_off,494,4,tuba(s),3.0,,,,,,,31.0,75.0,,,,,,,,,,,
Denmark,note_on,2,4,tuba(s),3.0,,,,,,,38.0,111.0,,,,,,,,,,,
Denmark,note_off,399,4,tuba(s),3.0,,,,,,,38.0,64.0,,,,,,,,,,,
Denmark,note_on,73,4,tuba(s),3.0,,,,,,,38.0,111.0,,,,,,,,,,,
Denmark,note_off,727,4,tuba(s),3.0,,,,,,,38.0,74.0,,,,,,,,,,,
Denmark,note_on,224,4,tuba(s),3.0,,,,,,,30.0,111.0,,,,,,,,,,,
Denmark,note_off,430,4,tuba(s),3.0,,,,,,,30.0,66.0,,,,,,,,,,,
Denmark,note_on,42,4,tuba(s),3.0,,,,,,,31.0,115.0,,,,,,,,,,,
Denmark,note_off,663,4,tuba(s),3.0,,,,,,,31.0,66.0,,,,,,,,,,,
Denmark,note_on,80,4,tuba(s),3.0,,,,,,,31.0,109.0,,,,,,,,,,,
Denmark,note_off,197,4,tuba(s),3.0,,,,,,,31.0,48.0,,,,,,,,,,,
Denmark,note_on,48,4,tuba(s),3.0,,,,,,,30.0,109.0,,,,,,,,,,,
Denmark,note_off,445,4,tuba(s),3.0,,,,,,,30.0,7.0,,,,,,,,,,,
Denmark,note_on,17,4,tuba(s),3.0,,,,,,,37.0,111.0,,,,,,,,,,,
Denmark,note_off,465,4,tuba(s),3.0,,,,,,,37.0,1.0,,,,,,,,,,,
Denmark,note_on,34,4,tuba(s),3.0,,,,,,,42.0,115.0,,,,,,,,,,,
Denmark,note_off,470,4,tuba(s),3.0,,,,,,,42.0,81.0,,,,,,,,,,,
Denmark,note_on,10,4,tuba(s),3.0,,,,,,,38.0,106.0,,,,,,,,,,,
Denmark,note_off,423,4,tuba(s),3.0,,,,,,,38.0,36.0,,,,,,,,,,,
Denmark,note_on,33,4,tuba(s),3.0,,,,,,,37.0,111.0,,,,,,,,,,,
Denmark,note_off,463,4,tuba(s),3.0,,,,,,,37.0,56.0,,,,,,,,,,,
Denmark,note_on,30,4,tuba(s),3.0,,,,,,,38.0,109.0,,,,,,,,,,,
Denmark,note_off,463,4,tuba(s),3.0,,,,,,,38.0,80.0,,,,,,,,,,,
Denmark,note_on,21,4,tuba(s),3.0,,,,,,,40.0,115.0,,,,,,,,,,,
Denmark,note_off,812,4,tuba(s),3.0,,,,,,,40.0,19.0,,,,,,,,,,,
Denmark,note_on,127,4,tuba(s),3.0,,,,,,,28.0,111.0,,,,,,,,,,,
Denmark,note_on,981,4,tuba(s),3.0,,,,,,,33.0,119.0,,,,,,,,,,,
Denmark,note_off,11,4,tuba(s),3.0,,,,,,,28.0,79.0,,,,,,,,,,,
Denmark,note_off,1393,4,tuba(s),3.0,,,,,,,33.0,100.0,,,,,,,,,,,
Denmark,note_on,516,4,tuba(s),3.0,,,,,,,33.0,109.0,,,,,,,,,,,
Denmark,note_off,1368,4,tuba(s),3.0,,,,,,,33.0,80.0,,,,,,,,,,,
Denmark,note_on,62,4,tuba(s),3.0,,,,,,,33.0,111.0,,,,,,,,,,,
Denmark,note_off,486,4,tuba(s),3.0,,,,,,,33.0,84.0,,,,,,,,,,,
Denmark,note_on,1,4,tuba(s),3.0,,,,,,,38.0,111.0,,,,,,,,,,,
Denmark,note_off,652,4,tuba(s),3.0,,,,,,,38.0,64.0,,,,,,,,,,,
Denmark,note_on,60,4,tuba(s),3.0,,,,,,,38.0,101.0,,,,,,,,,,,
Denmark,note_off,162,4,tuba(s),3.0,,,,,,,38.0,60.0,,,,,,,,,,,
Denmark,note_on,87,4,tuba(s),3.0,,,,,,,38.0,106.0,,,,,,,,,,,
Denmark,note_off,429,4,tuba(s),3.0,,,,,,,38.0,44.0,,,,,,,,,,,
Denmark,note_on,38,4,tuba(s),3.0,,,,,,,37.0,106.0,,,,,,,,,,,
Denmark,note_off,446,4,tuba(s),3.0,,,,,,,37.0,73.0,,,,,,,,,,,
Denmark,note_on,37,4,tuba(s),3.0,,,,,,,35.0,111.0,,,,,,,,,,,
Denmark,note_off,654,4,tuba(s),3.0,,,,,,,35.0,41.0,,,,,,,,,,,
Denmark,note_on,49,4,tuba(s),3.0,,,,,,,33.0,106.0,,,,,,,,,,,
Denmark,note_off,224,4,tuba(s),3.0,,,,,,,33.0,48.0,,,,,,,,,,,
Denmark,note_on,35,4,tuba(s),3.0,,,,,,,31.0,115.0,,,,,,,,,,,
Denmark,note_off,399,4,tuba(s),3.0,,,,,,,31.0,63.0,,,,,,,,,,,
Denmark,note_on,68,4,tuba(s),3.0,,,,,,,31.0,106.0,,,,,,,,,,,
Denmark,note_off,433,4,tuba(s),3.0,,,,,,,31.0,37.0,,,,,,,,,,,
Denmark,note_on,45,4,tuba(s),3.0,,,,,,,30.0,109.0,,,,,,,,,,,
Denmark,note_off,1483,4,tuba(s),3.0,,,,,,,30.0,84.0,,,,,,,,,,,
Denmark,note_on,208,4,tuba(s),3.0,,,,,,,40.0,109.0,,,,,,,,,,,
Denmark,note_off,235,4,tuba(s),3.0,,,,,,,40.0,68.0,,,,,,,,,,,
Denmark,note_on,14,4,tuba(s),3.0,,,,,,,39.0,115.0,,,,,,,,,,,
Denmark,note_off,469,4,tuba(s),3.0,,,,,,,39.0,58.0,,,,,,,,,,,
Denmark,note_on,9,4,tuba(s),3.0,,,,,,,40.0,109.0,,,,,,,,,,,
Denmark,note_off,460,4,tuba(s),3.0,,,,,,,40.0,52.0,,,,,,,,,,,
Denmark,note_on,19,4,tuba(s),3.0,,,,,,,37.0,111.0,,,,,,,,,,,
Denmark,note_off,465,4,tuba(s),3.0,,,,,,,37.0,24.0,,,,,,,,,,,
Denmark,note_on,8,4,tuba(s),3.0,,,,,,,38.0,109.0,,,,,,,,,,,
Denmark,note_off,483,4,tuba(s),3.0,,,,,,,38.0,84.0,,,,,,,,,,,
Denmark,note_on,10,4,tuba(s),3.0,,,,,,,31.0,111.0,,,,,,,,,,,
Denmark,note_off,429,4,tuba(s),3.0,,,,,,,31.0,38.0,,,,,,,,,,,
Denmark,note_on,34,4,tuba(s),3.0,,,,,,,32.0,109.0,,,,,,,,,,,
Denmark,note_on,738,4,tuba(s),3.0,,,,,,,44.0,109.0,,,,,,,,,,,
Denmark,note_off,4,4,tuba(s),3.0,,,,,,,32.0,75.0,,,,,,,,,,,
Denmark,note_off,152,4,tuba(s),3.0,,,,,,,44.0,69.0,,,,,,,,,,,
Denmark,note_on,69,4,tuba(s),3.0,,,,,,,44.0,106.0,,,,,,,,,,,
Denmark,note_off,145,4,tuba(s),3.0,,,,,,,44.0,67.0,,,,,,,,,,,
Denmark,note_on,104,4,tuba(s),3.0,,,,,,,44.0,115.0,,,,,,,,,,,
Denmark,note_off,116,4,tuba(s),3.0,,,,,,,44.0,76.0,,,,,,,,,,,
Denmark,note_on,134,4,tuba(s),3.0,,,,,,,45.0,111.0,,,,,,,,,,,
Denmark,note_off,959,4,tuba(s),3.0,,,,,,,45.0,57.0,,,,,,,,,,,
Denmark,note_on,7,4,tuba(s),3.0,,,,,,,33.0,115.0,,,,,,,,,,,
Denmark,note_off,953,4,tuba(s),3.0,,,,,,,33.0,76.0,,,,,,,,,,,
Denmark,note_on,2,4,tuba(s),3.0,,,,,,,38.0,115.0,,,,,,,,,,,
Denmark,note_off,1444,4,tuba(s),3.0,,,,,,,38.0,101.0,,,,,,,,,,,
Denmark,end_of_track,480,4,tuba(s),,,,,,,,,,,,,,,,,,,,True
Denmark,instrument_name,0,5,strings (hi),,,,Sound Canvas,,,,,,,,,,,,,,,,False
Denmark,track_name,0,5,strings (hi),,,,,,,,,,,,,,,,,,,,
Denmark,control_change,0,5,strings (hi),,1.0,0.0,,,,,,,,,,,,,,,,,
Denmark,control_change,0,5,strings (hi),,7.0,127.0,,,,,,,,,,,,,,,,,
Denmark,control_change,0,5,strings (hi),,64.0,0.0,,,,,,,,,,,,,,,,,
Denmark,program_change,0,5,strings (hi),4.0,,,,,,,,,,48.0,,,,,,,,,
Denmark,control_change,1,5,strings (hi),,91.0,127.0,,,,,,,,,,,,,,,,,
Denmark,control_change,0,5,strings (hi),,93.0,70.0,,,,,,,,,,,,,,,,,
Denmark,pitchwheel,0,5,strings (hi),4.0,,,,,,,,,0.0,,,,,,,,,,
Denmark,control_change,0,5,strings (hi),,10.0,52.0,,,,,,,,,,,,,,,,,
Denmark,control_change,0,5,strings (hi),,11.0,127.0,,,,,,,,,,,,,,,,,
Denmark,note_on,231,5,strings (hi),4.0,,,,,,,74.0,75.0,,,,,,,,,,,
Denmark,note_on,9,5,strings (hi),4.0,,,,,,,62.0,93.0,,,,,,,,,,,
Denmark,note_on,228,5,strings (hi),4.0,,,,,,,69.0,95.0,,,,,,,,,,,
Denmark,note_on,0,5,strings (hi),4.0,,,,,,,81.0,103.0,,,,,,,,,,,
Denmark,note_off,4,5,strings (hi),4.0,,,,,,,62.0,66.0,,,,,,,,,,,
Denmark,note_off,5,5,strings (hi),4.0,,,,,,,74.0,50.0,,,,,,,,,,,
Denmark,note_off,640,5,strings (hi),4.0,,,,,,,69.0,39.0,,,,,,,,,,,
Denmark,note_off,1,5,strings (hi),4.0,,,,,,,81.0,68.0,,,,,,,,,,,
Denmark,note_on,43,5,strings (hi),4.0,,,,,,,69.0,71.0,,,,,,,,,,,
Denmark,note_on,4,5,strings (hi),4.0,,,,,,,81.0,85.0,,,,,,,,,,,
Denmark,note_on,238,5,strings (hi),4.0,,,,,,,78.0,98.0,,,,,,,,,,,
Denmark,note_on,3,5,strings (hi),4.0,,,,,,,66.0,98.0,,,,,,,,,,,
Denmark,note_off,19,5,strings (hi),4.0,,,,,,,69.0,39.0,,,,,,,,,,,
Denmark,note_off,2,5,strings (hi),4.0,,,,,,,81.0,72.0,,,,,,,,,,,
Denmark,note_on,447,5,strings (hi),4.0,,,,,,,74.0,90.0,,,,,,,,,,,
Denmark,note_on,1,5,strings (hi),4.0,,,,,,,62.0,101.0,,,,,,,,,,,
Denmark,note_off,3,5,strings (hi),4.0,,,,,,,78.0,64.0,,,,,,,,,,,
Denmark,note_off,4,5,strings (hi),4.0,,,,,,,66.0,78.0,,,,,,,,,,,
Denmark,note_on,477,5,strings (hi),4.0,,,,,,,83.0,101.0,,,,,,,,,,,
Denmark,note_off,6,5,strings (hi),4.0,,,,,,,74.0,49.0,,,,,,,,,,,
Denmark,note_on,10,5,strings (hi),4.0,,,,,,,71.0,95.0,,,,,,,,,,,
Denmark,note_off,1,5,strings (hi),4.0,,,,,,,62.0,72.0,,,,,,,,,,,
Denmark,note_off,1397,5,strings (hi),4.0,,,,,,,83.0,76.0,,,,,,,,,,,
Denmark,note_off,10,5,strings (hi),4.0,,,,,,,71.0,59.0,,,,,,,,,,,
Denmark,note_on,271,5,strings (hi),4.0,,,,,,,74.0,85.0,,,,,,,,,,,
Denmark,note_on,10,5,strings (hi),4.0,,,,,,,62.0,101.0,,,,,,,,,,,
Denmark,note_off,185,5,strings (hi),4.0,,,,,,,74.0,31.0,,,,,,,,,,,
Denmark,note_off,52,5,strings (hi),4.0,,,,,,,62.0,73.0,,,,,,,,,,,
Denmark,note_on,24,5,strings (hi),4.0,,,,,,,74.0,103.0,,,,,,,,,,,
Denmark,note_on,1,5,strings (hi),4.0,,,,,,,86.0,98.0,,,,,,,,,,,
Denmark,note_off,643,5,strings (hi),4.0,,,,,,,86.0,73.0,,,,,,,,,,,
Denmark,note_off,18,5,strings (hi),4.0,,,,,,,74.0,41.0,,,,,,,,,,,
Denmark,note_on,42,5,strings (hi),4.0,,,,,,,86.0,90.0,,,,,,,,,,,
Denmark,note_on,2,5,strings (hi),4.0,,,,,,,74.0,95.0,,,,,,,,,,,
Denmark,note_on,215,5,strings (hi),4.0,,,,,,,73.0,98.0,,,,,,,,,,,
Denmark,note_on,1,5,strings (hi),4.0,,,,,,,85.0,95.0,,,,,,,,,,,
Denmark,note_off,1,5,strings (hi),4.0,,,,,,,74.0,67.0,,,,,,,,,,,
Denmark,note_off,21,5,strings (hi),4.0,,,,,,,86.0,76.0,,,,,,,,,,,
Denmark,note_off,428,5,strings (hi),4.0,,,,,,,73.0,36.0,,,,,,,,,,,
Denmark,note_on,1,5,strings (hi),4.0,,,,,,,71.0,75.0,,,,,,,,,,,
Denmark,note_on,4,5,strings (hi),4.0,,,,,,,83.0,78.0,,,,,,,,,,,
Denmark,note_off,19,5,strings (hi),4.0,,,,,,,85.0,71.0,,,,,,,,,,,
Denmark,note_off,395,5,strings (hi),4.0,,,,,,,71.0,59.0,,,,,,,,,,,
Denmark,note_off,47,5,strings (hi),4.0,,,,,,,83.0,58.0,,,,,,,,,,,
Denmark,note_on,42,5,strings (hi),4.0,,,,,,,71.0,87.0,,,,,,,,,,,
Denmark,note_on,9,5,strings (hi),4.0,,,,,,,83.0,90.0,,,,,,,,,,,
Denmark,note_on,470,5,strings (hi),4.0,,,,,,,69.0,79.0,,,,,,,,,,,
Denmark,note_on,8,5,strings (hi),4.0,,,,,,,81.0,85.0,,,,,,,,,,,
Denmark,note_off,2,5,strings (hi),4.0,,,,,,,83.0,67.0,,,,,,,,,,,
Denmark,note_off,2,5,strings (hi),4.0,,,,,,,71.0,43.0,,,,,,,,,,,
Denmark,note_off,721,5,strings (hi),4.0,,,,,,,81.0,40.0,,,,,,,,,,,
Denmark,note_off,41,5,strings (hi),4.0,,,,,,,69.0,44.0,,,,,,,,,,,
Denmark,note_on,219,5,strings (hi),4.0,,,,,,,81.0,85.0,,,,,,,,,,,
Denmark,note_on,6,5,strings (hi),4.0,,,,,,,69.0,101.0,,,,,,,,,,,
Denmark,note_off,436,5,strings (hi),4.0,,,,,,,81.0,53.0,,,,,,,,,,,
Denmark,note_on,9,5,strings (hi),4.0,,,,,,,73.0,95.0,,,,,,,,,,,
Denmark,note_on,3,5,strings (hi),4.0,,,,,,,61.0,66.0,,,,,,,,,,,
Denmark,note_off,14,5,strings (hi),4.0,,,,,,,69.0,34.0,,,,,,,,,,,
Denmark,note_off,610,5,strings (hi),4.0,,,,,,,61.0,33.0,,,,,,,,,,,
Denmark,note_off,41,5,strings (hi),4.0,,,,,,,73.0,22.0,,,,,,,,,,,
Denmark,note_on,63,5,strings (hi),4.0,,,,,,,61.0,98.0,,,,,,,,,,,
Denmark,note_on,6,5,strings (hi),4.0,,,,,,,73.0,103.0,,,,,,,,,,,
Denmark,note_off,208,5,strings (hi),4.0,,,,,,,61.0,67.0,,,,,,,,,,,
Denmark,note_on,18,5,strings (hi),4.0,,,,,,,74.0,90.0,,,,,,,,,,,
Denmark,note_on,6,5,strings (hi),4.0,,,,,,,62.0,85.0,,,,,,,,,,,
Denmark,note_off,5,5,strings (hi),4.0,,,,,,,73.0,49.0,,,,,,,,,,,
Denmark,note_off,436,5,strings (hi),4.0,,,,,,,62.0,51.0,,,,,,,,,,,
Denmark,note_on,7,5,strings (hi),4.0,,,,,,,76.0,87.0,,,,,,,,,,,
Denmark,note_on,3,5,strings (hi),4.0,,,,,,,64.0,75.0,,,,,,,,,,,
Denmark,note_off,6,5,strings (hi),4.0,,,,,,,74.0,54.0,,,,,,,,,,,
Denmark,note_on,479,5,strings (hi),4.0,,,,,,,78.0,98.0,,,,,,,,,,,
Denmark,note_on,1,5,strings (hi),4.0,,,,,,,66.0,98.0,,,,,,,,,,,
Denmark,note_off,12,5,strings (hi),4.0,,,,,,,64.0,53.0,,,,,,,,,,,
Denmark,note_off,11,5,strings (hi),4.0,,,,,,,76.0,41.0,,,,,,,,,,,
Denmark,note_on,466,5,strings (hi),4.0,,,,,,,68.0,78.0,,,,,,,,,,,
Denmark,note_on,1,5,strings (hi),4.0,,,,,,,80.0,101.0,,,,,,,,,,,
Denmark,note_off,26,5,strings (hi),4.0,,,,,,,78.0,71.0,,,,,,,,,,,
Denmark,note_off,3,5,strings (hi),4.0,,,,,,,66.0,63.0,,,,,,,,,,,
Denmark,note_off,435,5,strings (hi),4.0,,,,,,,80.0,75.0,,,,,,,,,,,
Denmark,note_on,13,5,strings (hi),4.0,,,,,,,81.0,98.0,,,,,,,,,,,
Denmark,note_off,7,5,strings (hi),4.0,,,,,,,68.0,56.0,,,,,,,,,,,
Denmark,note_on,0,5,strings (hi),4.0,,,,,,,69.0,95.0,,,,,,,,,,,
Denmark,note_on,461,5,strings (hi),4.0,,,,,,,83.0,82.0,,,,,,,,,,,
Denmark,note_off,11,5,strings (hi),4.0,,,,,,,81.0,47.0,,,,,,,,,,,
Denmark,note_off,6,5,strings (hi),4.0,,,,,,,69.0,75.0,,,,,,,,,,,
Denmark,note_on,1,5,strings (hi),4.0,,,,,,,71.0,101.0,,,,,,,,,,,
Denmark,note_on,477,5,strings (hi),4.0,,,,,,,81.0,95.0,,,,,,,,,,,
Denmark,note_on,2,5,strings (hi),4.0,,,,,,,69.0,98.0,,,,,,,,,,,
Denmark,note_off,7,5,strings (hi),4.0,,,,,,,71.0,19.0,,,,,,,,,,,
Denmark,note_off,4,5,strings (hi),4.0,,,,,,,83.0,64.0,,,,,,,,,,,
Denmark,note_on,972,5,strings (hi),4.0,,,,,,,68.0,95.0,,,,,,,,,,,
Denmark,note_on,9,5,strings (hi),4.0,,,,,,,80.0,106.0,,,,,,,,,,,
Denmark,note_off,5,5,strings (hi),4.0,,,,,,,81.0,56.0,,,,,,,,,,,
Denmark,note_off,0,5,strings (hi),4.0,,,,,,,69.0,43.0,,,,,,,,,,,
Denmark,note_on,931,5,strings (hi),4.0,,,,,,,81.0,98.0,,,,,,,,,,,
Denmark,note_off,1,5,strings (hi),4.0,,,,,,,68.0,81.0,,,,,,,,,,,
Denmark,note_off,3,5,strings (hi),4.0,,,,,,,80.0,70.0,,,,,,,,,,,
Denmark,note_on,1,5,strings (hi),4.0,,,,,,,69.0,90.0,,,,,,,,,,,
Denmark,note_off,1434,5,strings (hi),4.0,,,,,,,81.0,90.0,,,,,,,,,,,
Denmark,note_off,4,5,strings (hi),4.0,,,,,,,69.0,90.0,,,,,,,,,,,
Denmark,note_on,224,5,strings (hi),4.0,,,,,,,69.0,93.0,,,,,,,,,,,
Denmark,note_on,8,5,strings (hi),4.0,,,,,,,81.0,82.0,,,,,,,,,,,
Denmark,note_on,257,5,strings (hi),4.0,,,,,,,85.0,101.0,,,,,,,,,,,
Denmark,note_on,1,5,strings (hi),4.0,,,,,,,73.0,95.0,,,,,,,,,,,
Denmark,note_off,6,5,strings (hi),4.0,,,,,,,81.0,54.0,,,,,,,,,,,
Denmark,note_off,2,5,strings (hi),4.0,,,,,,,69.0,65.0,,,,,,,,,,,
Denmark,note_off,637,5,strings (hi),4.0,,,,,,,73.0,49.0,,,,,,,,,,,
Denmark,note_off,19,5,strings (hi),4.0,,,,,,,85.0,67.0,,,,,,,,,,,
Denmark,note_on,48,5,strings (hi),4.0,,,,,,,85.0,98.0,,,,,,,,,,,
Denmark,note_on,0,5,strings (hi),4.0,,,,,,,73.0,103.0,,,,,,,,,,,
Denmark,note_on,255,5,strings (hi),4.0,,,,,,,71.0,93.0,,,,,,,,,,,
Denmark,note_on,1,5,strings (hi),4.0,,,,,,,83.0,78.0,,,,,,,,,,,
Denmark,note_off,13,5,strings (hi),4.0,,,,,,,73.0,58.0,,,,,,,,,,,
Denmark,note_off,3,5,strings (hi),4.0,,,,,,,85.0,59.0,,,,,,,,,,,
Denmark,note_off,409,5,strings (hi),4.0,,,,,,,71.0,68.0,,,,,,,,,,,
Denmark,note_on,9,5,strings (hi),4.0,,,,,,,69.0,95.0,,,,,,,,,,,
Denmark,note_on,11,5,strings (hi),4.0,,,,,,,81.0,79.0,,,,,,,,,,,
Denmark,note_off,8,5,strings (hi),4.0,,,,,,,83.0,62.0,,,,,,,,,,,
Denmark,note_off,429,5,strings (hi),4.0,,,,,,,69.0,63.0,,,,,,,,,,,
Denmark,note_off,2,5,strings (hi),4.0,,,,,,,81.0,62.0,,,,,,,,,,,
Denmark,note_on,51,5,strings (hi),4.0,,,,,,,69.0,98.0,,,,,,,,,,,
Denmark,note_on,4,5,strings (hi),4.0,,,,,,,81.0,93.0,,,,,,,,,,,
Denmark,note_on,702,5,strings (hi),4.0,,,,,,,74.0,72.0,,,,,,,,,,,
Denmark,note_on,12,5,strings (hi),4.0,,,,,,,86.0,82.0,,,,,,,,,,,
Denmark,note_off,15,5,strings (hi),4.0,,,,,,,69.0,68.0,,,,,,,,,,,
Denmark,note_off,18,5,strings (hi),4.0,,,,,,,81.0,12.0,,,,,,,,,,,
Denmark,note_off,122,5,strings (hi),4.0,,,,,,,74.0,52.0,,,,,,,,,,,
Denmark,note_off,25,5,strings (hi),4.0,,,,,,,86.0,72.0,,,,,,,,,,,
Denmark,note_on,57,5,strings (hi),4.0,,,,,,,86.0,71.0,,,,,,,,,,,
Denmark,note_on,6,5,strings (hi),4.0,,,,,,,74.0,78.0,,,,,,,,,,,
Denmark,note_off,471,5,strings (hi),4.0,,,,,,,86.0,59.0,,,,,,,,,,,
Denmark,note_off,13,5,strings (hi),4.0,,,,,,,74.0,2.0,,,,,,,,,,,
Denmark,note_on,15,5,strings (hi),4.0,,,,,,,78.0,85.0,,,,,,,,,,,
Denmark,note_on,8,5,strings (hi),4.0,,,,,,,66.0,98.0,,,,,,,,,,,
Denmark,note_on,450,5,strings (hi),4.0,,,,,,,71.0,87.0,,,,,,,,,,,
Denmark,note_on,3,5,strings (hi),4.0,,,,,,,83.0,75.0,,,,,,,,,,,
Denmark,note_off,21,5,strings (hi),4.0,,,,,,,66.0,60.0,,,,,,,,,,,
Denmark,note_off,13,5,strings (hi),4.0,,,,,,,78.0,69.0,,,,,,,,,,,
Denmark,note_off,614,5,strings (hi),4.0,,,,,,,71.0,63.0,,,,,,,,,,,
Denmark,note_off,28,5,strings (hi),4.0,,,,,,,83.0,60.0,,,,,,,,,,,
Denmark,note_on,44,5,strings (hi),4.0,,,,,,,71.0,90.0,,,,,,,,,,,
Denmark,note_on,3,5,strings (hi),4.0,,,,,,,83.0,77.0,,,,,,,,,,,
Denmark,note_off,176,5,strings (hi),4.0,,,,,,,71.0,50.0,,,,,,,,,,,
Denmark,note_off,25,5,strings (hi),4.0,,,,,,,83.0,56.0,,,,,,,,,,,
Denmark,note_on,36,5,strings (hi),4.0,,,,,,,83.0,74.0,,,,,,,,,,,
Denmark,note_on,4,5,strings (hi),4.0,,,,,,,71.0,90.0,,,,,,,,,,,
Denmark,note_off,401,5,strings (hi),4.0,,,,,,,71.0,56.0,,,,,,,,,,,
Denmark,note_off,15,5,strings (hi),4.0,,,,,,,83.0,63.0,,,,,,,,,,,
Denmark,note_on,48,5,strings (hi),4.0,,,,,,,83.0,77.0,,,,,,,,,,,
Denmark,note_on,2,5,strings (hi),4.0,,,,,,,71.0,85.0,,,,,,,,,,,
Denmark,note_off,398,5,strings (hi),4.0,,,,,,,71.0,55.0,,,,,,,,,,,
Denmark,note_off,22,5,strings (hi),4.0,,,,,,,83.0,65.0,,,,,,,,,,,
Denmark,note_on,60,5,strings (hi),4.0,,,,,,,71.0,95.0,,,,,,,,,,,
Denmark,note_on,1,5,strings (hi),4.0,,,,,,,83.0,77.0,,,,,,,,,,,
Denmark,note_off,926,5,strings (hi),4.0,,,,,,,71.0,8.0,,,,,,,,,,,
Denmark,note_on,34,5,strings (hi),4.0,,,,,,,70.0,85.0,,,,,,,,,,,
Denmark,note_off,5,5,strings (hi),4.0,,,,,,,83.0,58.0,,,,,,,,,,,
Denmark,note_on,4,5,strings (hi),4.0,,,,,,,82.0,77.0,,,,,,,,,,,
Denmark,note_off,548,5,strings (hi),4.0,,,,,,,70.0,46.0,,,,,,,,,,,
Denmark,note_off,21,5,strings (hi),4.0,,,,,,,82.0,56.0,,,,,,,,,,,
Denmark,note_on,153,5,strings (hi),4.0,,,,,,,69.0,95.0,,,,,,,,,,,
Denmark,note_on,13,5,strings (hi),4.0,,,,,,,81.0,98.0,,,,,,,,,,,
Denmark,note_off,137,5,strings (hi),4.0,,,,,,,69.0,62.0,,,,,,,,,,,
Denmark,note_off,34,5,strings (hi),4.0,,,,,,,81.0,55.0,,,,,,,,,,,
Denmark,note_on,47,5,strings (hi),4.0,,,,,,,69.0,95.0,,,,,,,,,,,
Denmark,note_on,14,5,strings (hi),4.0,,,,,,,81.0,93.0,,,,,,,,,,,
Denmark,note_off,415,5,strings (hi),4.0,,,,,,,69.0,1.0,,,,,,,,,,,
Denmark,note_off,48,5,strings (hi),4.0,,,,,,,81.0,18.0,,,,,,,,,,,
Denmark,note_on,1,5,strings (hi),4.0,,,,,,,68.0,74.0,,,,,,,,,,,
Denmark,note_on,3,5,strings (hi),4.0,,,,,,,80.0,98.0,,,,,,,,,,,
Denmark,note_off,464,5,strings (hi),4.0,,,,,,,68.0,56.0,,,,,,,,,,,
Denmark,note_on,5,5,strings (hi),4.0,,,,,,,67.0,98.0,,,,,,,,,,,
Denmark,note_off,3,5,strings (hi),4.0,,,,,,,80.0,64.0,,,,,,,,,,,
Denmark,note_on,0,5,strings (hi),4.0,,,,,,,79.0,93.0,,,,,,,,,,,
Denmark,note_off,482,5,strings (hi),4.0,,,,,,,67.0,48.0,,,,,,,,,,,
Denmark,note_off,4,5,strings (hi),4.0,,,,,,,79.0,43.0,,,,,,,,,,,
Denmark,note_on,1,5,strings (hi),4.0,,,,,,,66.0,103.0,,,,,,,,,,,
Denmark,note_on,3,5,strings (hi),4.0,,,,,,,78.0,69.0,,,,,,,,,,,
Denmark,note_on,464,5,strings (hi),4.0,,,,,,,71.0,90.0,,,,,,,,,,,
Denmark,note_on,8,5,strings (hi),4.0,,,,,,,83.0,90.0,,,,,,,,,,,
Denmark,note_off,10,5,strings (hi),4.0,,,,,,,66.0,74.0,,,,,,,,,,,
Denmark,note_off,0,5,strings (hi),4.0,,,,,,,78.0,64.0,,,,,,,,,,,
Denmark,note_on,470,5,strings (hi),4.0,,,,,,,86.0,79.0,,,,,,,,,,,
Denmark,note_on,5,5,strings (hi),4.0,,,,,,,74.0,90.0,,,,,,,,,,,
Denmark,note_off,5,5,strings (hi),4.0,,,,,,,71.0,80.0,,,,,,,,,,,
Denmark,note_off,21,5,strings (hi),4.0,,,,,,,83.0,74.0,,,,,,,,,,,
Denmark,note_off,607,5,strings (hi),4.0,,,,,,,86.0,62.0,,,,,,,,,,,
Denmark,note_off,0,5,strings (hi),4.0,,,,,,,74.0,39.0,,,,,,,,,,,
Denmark,note_on,93,5,strings (hi),4.0,,,,,,,86.0,82.0,,,,,,,,,,,
Denmark,note_on,1,5,strings (hi),4.0,,,,,,,74.0,90.0,,,,,,,,,,,
Denmark,note_on,241,5,strings (hi),4.0,,,,,,,73.0,98.0,,,,,,,,,,,
Denmark,note_on,1,5,strings (hi),4.0,,,,,,,85.0,98.0,,,,,,,,,,,
Denmark,note_off,11,5,strings (hi),4.0,,,,,,,86.0,64.0,,,,,,,,,,,
Denmark,note_off,3,5,strings (hi),4.0,,,,,,,74.0,16.0,,,,,,,,,,,
Denmark,note_on,209,5,strings (hi),4.0,,,,,,,71.0,93.0,,,,,,,,,,,
Denmark,note_off,3,5,strings (hi),4.0,,,,,,,73.0,34.0,,,,,,,,,,,
Denmark,note_on,0,5,strings (hi),4.0,,,,,,,83.0,79.0,,,,,,,,,,,
Denmark,note_off,19,5,strings (hi),4.0,,,,,,,85.0,40.0,,,,,,,,,,,
Denmark,note_off,150,5,strings (hi),4.0,,,,,,,71.0,51.0,,,,,,,,,,,
Denmark,note_off,27,5,strings (hi),4.0,,,,,,,83.0,63.0,,,,,,,,,,,
Denmark,note_on,56,5,strings (hi),4.0,,,,,,,71.0,95.0,,,,,,,,,,,
Denmark,note_on,2,5,strings (hi),4.0,,,,,,,83.0,78.0,,,,,,,,,,,
Denmark,note_off,467,5,strings (hi),4.0,,,,,,,71.0,44.0,,,,,,,,,,,
Denmark,note_on,3,5,strings (hi),4.0,,,,,,,69.0,82.0,,,,,,,,,,,
Denmark,note_on,9,5,strings (hi),4.0,,,,,,,81.0,77.0,,,,,,,,,,,
Denmark,note_off,3,5,strings (hi),4.0,,,,,,,83.0,66.0,,,,,,,,,,,
Denmark,note_off,868,5,strings (hi),4.0,,,,,,,69.0,1.0,,,,,,,,,,,
Denmark,note_off,9,5,strings (hi),4.0,,,,,,,81.0,24.0,,,,,,,,,,,
Denmark,note_on,108,5,strings (hi),4.0,,,,,,,61.0,95.0,,,,,,,,,,,
Denmark,note_on,3,5,strings (hi),4.0,,,,,,,73.0,95.0,,,,,,,,,,,
Denmark,note_off,457,5,strings (hi),4.0,,,,,,,61.0,55.0,,,,,,,,,,,
Denmark,note_on,7,5,strings (hi),4.0,,,,,,,74.0,90.0,,,,,,,,,,,
Denmark,note_on,6,5,strings (hi),4.0,,,,,,,62.0,90.0,,,,,,,,,,,
Denmark,note_off,32,5,strings (hi),4.0,,,,,,,73.0,65.0,,,,,,,,,,,
Denmark,note_off,1381,5,strings (hi),4.0,,,,,,,62.0,87.0,,,,,,,,,,,
Denmark,note_off,12,5,strings (hi),4.0,,,,,,,74.0,95.0,,,,,,,,,,,
Denmark,end_of_track,501,5,strings (hi),,,,,,,,,,,,,,,,,,,,True
Denmark,instrument_name,0,6,strings (mid),,,,Sound Canvas,,,,,,,,,,,,,,,,False
Denmark,track_name,0,6,strings (mid),,,,,,,,,,,,,,,,,,,,
Denmark,control_change,0,6,strings (mid),,1.0,0.0,,,,,,,,,,,,,,,,,
Denmark,control_change,0,6,strings (mid),,7.0,127.0,,,,,,,,,,,,,,,,,
Denmark,control_change,0,6,strings (mid),,64.0,0.0,,,,,,,,,,,,,,,,,
Denmark,program_change,0,6,strings (mid),5.0,,,,,,,,,,49.0,,,,,,,,,
Denmark,control_change,1,6,strings (mid),,91.0,127.0,,,,,,,,,,,,,,,,,
Denmark,control_change,0,6,strings (mid),,93.0,62.0,,,,,,,,,,,,,,,,,
Denmark,pitchwheel,0,6,strings (mid),5.0,,,,,,,,,0.0,,,,,,,,,,
Denmark,control_change,0,6,strings (mid),,10.0,94.0,,,,,,,,,,,,,,,,,
Denmark,control_change,0,6,strings (mid),,11.0,127.0,,,,,,,,,,,,,,,,,
Denmark,note_on,466,6,strings (mid),5.0,,,,,,,57.0,90.0,,,,,,,,,,,
Denmark,note_on,4,6,strings (mid),5.0,,,,,,,66.0,79.0,,,,,,,,,,,
Denmark,note_on,1,6,strings (mid),5.0,,,,,,,62.0,74.0,,,,,,,,,,,
Denmark,note_off,633,6,strings (mid),5.0,,,,,,,57.0,72.0,,,,,,,,,,,
Denmark,note_on,74,6,strings (mid),5.0,,,,,,,57.0,95.0,,,,,,,,,,,
Denmark,note_off,63,6,strings (mid),5.0,,,,,,,62.0,37.0,,,,,,,,,,,
Denmark,note_on,161,6,strings (mid),5.0,,,,,,,62.0,82.0,,,,,,,,,,,
Denmark,note_off,1,6,strings (mid),5.0,,,,,,,66.0,48.0,,,,,,,,,,,
Denmark,note_on,464,6,strings (mid),5.0,,,,,,,54.0,101.0,,,,,,,,,,,
Denmark,note_off,39,6,strings (mid),5.0,,,,,,,62.0,76.0,,,,,,,,,,,
Denmark,note_off,452,6,strings (mid),5.0,,,,,,,54.0,49.0,,,,,,,,,,,
Denmark,note_on,5,6,strings (mid),5.0,,,,,,,67.0,74.0,,,,,,,,,,,
Denmark,note_on,1,6,strings (mid),5.0,,,,,,,62.0,77.0,,,,,,,,,,,
Denmark,note_on,2,6,strings (mid),5.0,,,,,,,59.0,82.0,,,,,,,,,,,
Denmark,note_off,10,6,strings (mid),5.0,,,,,,,57.0,55.0,,,,,,,,,,,
Denmark,note_off,1469,6,strings (mid),5.0,,,,,,,59.0,89.0,,,,,,,,,,,
Denmark,note_off,2,6,strings (mid),5.0,,,,,,,62.0,74.0,,,,,,,,,,,
Denmark,note_off,13,6,strings (mid),5.0,,,,,,,67.0,82.0,,,,,,,,,,,
Denmark,note_on,453,6,strings (mid),5.0,,,,,,,67.0,71.0,,,,,,,,,,,
Denmark,note_on,0,6,strings (mid),5.0,,,,,,,62.0,74.0,,,,,,,,,,,
Denmark,note_on,2386,6,strings (mid),5.0,,,,,,,66.0,75.0,,,,,,,,,,,
Denmark,note_off,11,6,strings (mid),5.0,,,,,,,67.0,46.0,,,,,,,,,,,
Denmark,note_off,659,6,strings (mid),5.0,,,,,,,66.0,50.0,,,,,,,,,,,
Denmark,note_off,15,6,strings (mid),5.0,,,,,,,62.0,60.0,,,,,,,,,,,
Denmark,note_on,267,6,strings (mid),5.0,,,,,,,57.0,93.0,,,,,,,,,,,
Denmark,note_on,1,6,strings (mid),5.0,,,,,,,62.0,79.0,,,,,,,,,,,
Denmark,note_off,367,6,strings (mid),5.0,,,,,,,57.0,27.0,,,,,,,,,,,
Denmark,note_on,103,6,strings (mid),5.0,,,,,,,57.0,90.0,,,,,,,,,,,
Denmark,note_off,60,6,strings (mid),5.0,,,,,,,62.0,66.0,,,,,,,,,,,
Denmark,note_on,1375,6,strings (mid),5.0,,,,,,,55.0,75.0,,,,,,,,,,,
Denmark,note_off,42,6,strings (mid),5.0,,,,,,,57.0,52.0,,,,,,,,,,,
Denmark,note_on,440,6,strings (mid),5.0,,,,,,,54.0,90.0,,,,,,,,,,,
Denmark,note_on,19,6,strings (mid),5.0,,,,,,,62.0,75.0,,,,,,,,,,,
Denmark,note_off,5,6,strings (mid),5.0,,,,,,,55.0,57.0,,,,,,,,,,,
Denmark,note_off,458,6,strings (mid),5.0,,,,,,,62.0,50.0,,,,,,,,,,,
Denmark,note_off,11,6,strings (mid),5.0,,,,,,,54.0,76.0,,,,,,,,,,,
Denmark,note_on,5,6,strings (mid),5.0,,,,,,,59.0,65.0,,,,,,,,,,,
Denmark,note_on,8,6,strings (mid),5.0,,,,,,,64.0,85.0,,,,,,,,,,,
Denmark,note_on,454,6,strings (mid),5.0,,,,,,,57.0,101.0,,,,,,,,,,,
Denmark,note_off,14,6,strings (mid),5.0,,,,,,,59.0,61.0,,,,,,,,,,,
Denmark,note_off,483,6,strings (mid),5.0,,,,,,,64.0,52.0,,,,,,,,,,,
Denmark,note_on,8,6,strings (mid),5.0,,,,,,,66.0,98.0,,,,,,,,,,,
Denmark,note_off,6,6,strings (mid),5.0,,,,,,,57.0,78.0,,,,,,,,,,,
Denmark,note_on,5,6,strings (mid),5.0,,,,,,,62.0,74.0,,,,,,,,,,,
Denmark,note_off,345,6,strings (mid),5.0,,,,,,,62.0,5.0,,,,,,,,,,,
Denmark,note_off,97,6,strings (mid),5.0,,,,,,,66.0,74.0,,,,,,,,,,,
Denmark,note_on,10,6,strings (mid),5.0,,,,,,,64.0,78.0,,,,,,,,,,,
Denmark,note_on,0,6,strings (mid),5.0,,,,,,,61.0,77.0,,,,,,,,,,,
Denmark,note_on,957,6,strings (mid),5.0,,,,,,,62.0,72.0,,,,,,,,,,,
Denmark,note_off,1,6,strings (mid),5.0,,,,,,,61.0,66.0,,,,,,,,,,,
Denmark,note_on,6,6,strings (mid),5.0,,,,,,,59.0,71.0,,,,,,,,,,,
Denmark,note_off,952,6,strings (mid),5.0,,,,,,,62.0,44.0,,,,,,,,,,,
Denmark,note_on,15,6,strings (mid),5.0,,,,,,,61.0,68.0,,,,,,,,,,,
Denmark,note_on,5,6,strings (mid),5.0,,,,,,,57.0,74.0,,,,,,,,,,,
Denmark,note_off,1,6,strings (mid),5.0,,,,,,,59.0,59.0,,,,,,,,,,,
Denmark,note_off,1194,6,strings (mid),5.0,,,,,,,57.0,79.0,,,,,,,,,,,
Denmark,note_off,129,6,strings (mid),5.0,,,,,,,61.0,86.0,,,,,,,,,,,
Denmark,note_off,15,6,strings (mid),5.0,,,,,,,64.0,89.0,,,,,,,,,,,
Denmark,note_on,597,6,strings (mid),5.0,,,,,,,67.0,93.0,,,,,,,,,,,
Denmark,note_on,1,6,strings (mid),5.0,,,,,,,64.0,85.0,,,,,,,,,,,
Denmark,note_on,952,6,strings (mid),5.0,,,,,,,62.0,82.0,,,,,,,,,,,
Denmark,note_off,3,6,strings (mid),5.0,,,,,,,64.0,71.0,,,,,,,,,,,
Denmark,note_on,457,6,strings (mid),5.0,,,,,,,61.0,90.0,,,,,,,,,,,
Denmark,note_off,17,6,strings (mid),5.0,,,,,,,62.0,50.0,,,,,,,,,,,
Denmark,note_on,468,6,strings (mid),5.0,,,,,,,62.0,74.0,,,,,,,,,,,
Denmark,note_off,7,6,strings (mid),5.0,,,,,,,61.0,44.0,,,,,,,,,,,
Denmark,note_on,713,6,strings (mid),5.0,,,,,,,66.0,85.0,,,,,,,,,,,
Denmark,note_off,9,6,strings (mid),5.0,,,,,,,67.0,66.0,,,,,,,,,,,
Denmark,note_off,710,6,strings (mid),5.0,,,,,,,62.0,1.0,,,,,,,,,,,
Denmark,note_off,10,6,strings (mid),5.0,,,,,,,66.0,44.0,,,,,,,,,,,
Denmark,note_on,13,6,strings (mid),5.0,,,,,,,64.0,90.0,,,,,,,,,,,
Denmark,note_on,5,6,strings (mid),5.0,,,,,,,58.0,93.0,,,,,,,,,,,
Denmark,note_off,465,6,strings (mid),5.0,,,,,,,58.0,57.0,,,,,,,,,,,
Denmark,note_on,6,6,strings (mid),5.0,,,,,,,59.0,85.0,,,,,,,,,,,
Denmark,note_on,0,6,strings (mid),5.0,,,,,,,62.0,74.0,,,,,,,,,,,
Denmark,note_on,1,6,strings (mid),5.0,,,,,,,66.0,78.0,,,,,,,,,,,
Denmark,note_off,8,6,strings (mid),5.0,,,,,,,64.0,63.0,,,,,,,,,,,
Denmark,note_off,683,6,strings (mid),5.0,,,,,,,62.0,25.0,,,,,,,,,,,
Denmark,note_on,4,6,strings (mid),5.0,,,,,,,63.0,98.0,,,,,,,,,,,
Denmark,note_off,17,6,strings (mid),5.0,,,,,,,66.0,73.0,,,,,,,,,,,
Denmark,note_off,221,6,strings (mid),5.0,,,,,,,63.0,74.0,,,,,,,,,,,
Denmark,note_on,0,6,strings (mid),5.0,,,,,,,64.0,90.0,,,,,,,,,,,
Denmark,note_on,471,6,strings (mid),5.0,,,,,,,65.0,95.0,,,,,,,,,,,
Denmark,note_off,5,6,strings (mid),5.0,,,,,,,64.0,70.0,,,,,,,,,,,
Denmark,note_on,476,6,strings (mid),5.0,,,,,,,66.0,90.0,,,,,,,,,,,
Denmark,note_on,1,6,strings (mid),5.0,,,,,,,61.0,103.0,,,,,,,,,,,
Denmark,note_off,1,6,strings (mid),5.0,,,,,,,65.0,68.0,,,,,,,,,,,
Denmark,note_off,22,6,strings (mid),5.0,,,,,,,59.0,66.0,,,,,,,,,,,
Denmark,note_off,1437,6,strings (mid),5.0,,,,,,,61.0,62.0,,,,,,,,,,,
Denmark,note_off,15,6,strings (mid),5.0,,,,,,,66.0,60.0,,,,,,,,,,,
Denmark,note_on,209,6,strings (mid),5.0,,,,,,,66.0,98.0,,,,,,,,,,,
Denmark,note_on,5,6,strings (mid),5.0,,,,,,,60.0,98.0,,,,,,,,,,,
Denmark,note_off,214,6,strings (mid),5.0,,,,,,,66.0,80.0,,,,,,,,,,,
Denmark,note_on,38,6,strings (mid),5.0,,,,,,,66.0,103.0,,,,,,,,,,,
Denmark,note_on,6,6,strings (mid),5.0,,,,,,,59.0,103.0,,,,,,,,,,,
Denmark,note_off,10,6,strings (mid),5.0,,,,,,,60.0,80.0,,,,,,,,,,,
Denmark,note_off,420,6,strings (mid),5.0,,,,,,,59.0,80.0,,,,,,,,,,,
Denmark,note_off,26,6,strings (mid),5.0,,,,,,,66.0,57.0,,,,,,,,,,,
Denmark,note_on,31,6,strings (mid),5.0,,,,,,,59.0,103.0,,,,,,,,,,,
Denmark,note_on,0,6,strings (mid),5.0,,,,,,,64.0,90.0,,,,,,,,,,,
Denmark,note_off,408,6,strings (mid),5.0,,,,,,,64.0,61.0,,,,,,,,,,,
Denmark,note_on,40,6,strings (mid),5.0,,,,,,,64.0,90.0,,,,,,,,,,,
Denmark,note_off,2,6,strings (mid),5.0,,,,,,,59.0,71.0,,,,,,,,,,,
Denmark,note_on,4,6,strings (mid),5.0,,,,,,,57.0,85.0,,,,,,,,,,,
Denmark,note_off,403,6,strings (mid),5.0,,,,,,,57.0,69.0,,,,,,,,,,,
Denmark,note_on,58,6,strings (mid),5.0,,,,,,,57.0,90.0,,,,,,,,,,,
Denmark,note_on,10,6,strings (mid),5.0,,,,,,,62.0,95.0,,,,,,,,,,,
Denmark,note_off,12,6,strings (mid),5.0,,,,,,,64.0,66.0,,,,,,,,,,,
Denmark,note_off,375,6,strings (mid),5.0,,,,,,,62.0,27.0,,,,,,,,,,,
Denmark,note_off,92,6,strings (mid),5.0,,,,,,,57.0,74.0,,,,,,,,,,,
Denmark,note_on,6,6,strings (mid),5.0,,,,,,,62.0,101.0,,,,,,,,,,,
Denmark,note_on,4,6,strings (mid),5.0,,,,,,,67.0,103.0,,,,,,,,,,,
Denmark,note_off,407,6,strings (mid),5.0,,,,,,,62.0,50.0,,,,,,,,,,,
Denmark,note_off,36,6,strings (mid),5.0,,,,,,,67.0,29.0,,,,,,,,,,,
Denmark,note_on,47,6,strings (mid),5.0,,,,,,,62.0,101.0,,,,,,,,,,,
Denmark,note_on,4,6,strings (mid),5.0,,,,,,,65.0,95.0,,,,,,,,,,,
Denmark,note_on,1,6,strings (mid),5.0,,,,,,,71.0,87.0,,,,,,,,,,,
Denmark,note_off,626,6,strings (mid),5.0,,,,,,,65.0,70.0,,,,,,,,,,,
Denmark,note_off,9,6,strings (mid),5.0,,,,,,,62.0,69.0,,,,,,,,,,,
Denmark,note_on,55,6,strings (mid),5.0,,,,,,,65.0,82.0,,,,,,,,,,,
Denmark,note_on,3,6,strings (mid),5.0,,,,,,,62.0,79.0,,,,,,,,,,,
Denmark,note_off,20,6,strings (mid),5.0,,,,,,,71.0,70.0,,,,,,,,,,,
Denmark,note_on,715,6,strings (mid),5.0,,,,,,,66.0,79.0,,,,,,,,,,,
Denmark,note_off,21,6,strings (mid),5.0,,,,,,,65.0,76.0,,,,,,,,,,,
Denmark,note_off,1299,6,strings (mid),5.0,,,,,,,62.0,9.0,,,,,,,,,,,
Denmark,note_off,94,6,strings (mid),5.0,,,,,,,66.0,76.0,,,,,,,,,,,
Denmark,note_on,39,6,strings (mid),5.0,,,,,,,57.0,90.0,,,,,,,,,,,
Denmark,note_on,1,6,strings (mid),5.0,,,,,,,55.0,63.0,,,,,,,,,,,
Denmark,note_off,436,6,strings (mid),5.0,,,,,,,55.0,80.0,,,,,,,,,,,
Denmark,note_on,11,6,strings (mid),5.0,,,,,,,54.0,103.0,,,,,,,,,,,
Denmark,note_off,1483,6,strings (mid),5.0,,,,,,,54.0,101.0,,,,,,,,,,,
Denmark,note_off,3,6,strings (mid),5.0,,,,,,,57.0,96.0,,,,,,,,,,,
Denmark,end_of_track,479,6,strings (mid),,,,,,,,,,,,,,,,,,,,True
Denmark,instrument_name,0,7,strings (bass),,,,Sound Canvas,,,,,,,,,,,,,,,,False
Denmark,track_name,0,7,strings (bass),,,,,,,,,,,,,,,,,,,,
Denmark,control_change,0,7,strings (bass),,1.0,0.0,,,,,,,,,,,,,,,,,
Denmark,control_change,0,7,strings (bass),,7.0,127.0,,,,,,,,,,,,,,,,,
Denmark,control_change,0,7,strings (bass),,64.0,0.0,,,,,,,,,,,,,,,,,
Denmark,program_change,0,7,strings (bass),6.0,,,,,,,,,,48.0,,,,,,,,,
Denmark,control_change,1,7,strings (bass),,91.0,127.0,,,,,,,,,,,,,,,,,
Denmark,control_change,0,7,strings (bass),,93.0,102.0,,,,,,,,,,,,,,,,,
Denmark,pitchwheel,0,7,strings (bass),6.0,,,,,,,,,0.0,,,,,,,,,,
Denmark,control_change,0,7,strings (bass),,10.0,92.0,,,,,,,,,,,,,,,,,
Denmark,control_change,0,7,strings (bass),,11.0,127.0,,,,,,,,,,,,,,,,,
Denmark,note_on,481,7,strings (bass),6.0,,,,,,,38.0,103.0,,,,,,,,,,,
Denmark,note_off,1304,7,strings (bass),6.0,,,,,,,38.0,43.0,,,,,,,,,,,
Denmark,note_on,89,7,strings (bass),6.0,,,,,,,38.0,98.0,,,,,,,,,,,
Denmark,note_off,485,7,strings (bass),6.0,,,,,,,38.0,60.0,,,,,,,,,,,
Denmark,note_on,1,7,strings (bass),6.0,,,,,,,31.0,106.0,,,,,,,,,,,
Denmark,note_off,1453,7,strings (bass),6.0,,,,,,,31.0,79.0,,,,,,,,,,,
Denmark,note_on,483,7,strings (bass),6.0,,,,,,,35.0,103.0,,,,,,,,,,,
Denmark,note_off,656,7,strings (bass),6.0,,,,,,,35.0,1.0,,,,,,,,,,,
Denmark,note_on,71,7,strings (bass),6.0,,,,,,,35.0,103.0,,,,,,,,,,,
Denmark,note_off,233,7,strings (bass),6.0,,,,,,,35.0,63.0,,,,,,,,,,,
Denmark,note_on,7,7,strings (bass),6.0,,,,,,,33.0,98.0,,,,,,,,,,,
Denmark,note_off,469,7,strings (bass),6.0,,,,,,,33.0,85.0,,,,,,,,,,,
Denmark,note_on,5,7,strings (bass),6.0,,,,,,,31.0,101.0,,,,,,,,,,,
Denmark,note_on,476,7,strings (bass),6.0,,,,,,,38.0,98.0,,,,,,,,,,,
Denmark,note_off,1,7,strings (bass),6.0,,,,,,,31.0,79.0,,,,,,,,,,,
Denmark,note_off,420,7,strings (bass),6.0,,,,,,,38.0,54.0,,,,,,,,,,,
Denmark,note_on,73,7,strings (bass),6.0,,,,,,,38.0,95.0,,,,,,,,,,,
Denmark,note_off,917,7,strings (bass),6.0,,,,,,,38.0,76.0,,,,,,,,,,,
Denmark,note_on,123,7,strings (bass),6.0,,,,,,,42.0,77.0,,,,,,,,,,,
Denmark,note_on,400,7,strings (bass),6.0,,,,,,,43.0,79.0,,,,,,,,,,,
Denmark,note_off,2,7,strings (bass),6.0,,,,,,,42.0,80.0,,,,,,,,,,,
Denmark,note_off,668,7,strings (bass),6.0,,,,,,,43.0,64.0,,,,,,,,,,,
Denmark,note_on,51,7,strings (bass),6.0,,,,,,,43.0,85.0,,,,,,,,,,,
Denmark,note_on,240,7,strings (bass),6.0,,,,,,,42.0,101.0,,,,,,,,,,,
Denmark,note_off,1,7,strings (bass),6.0,,,,,,,43.0,65.0,,,,,,,,,,,
Denmark,note_off,457,7,strings (bass),6.0,,,,,,,42.0,60.0,,,,,,,,,,,
Denmark,note_on,6,7,strings (bass),6.0,,,,,,,37.0,90.0,,,,,,,,,,,
Denmark,note_off,485,7,strings (bass),6.0,,,,,,,37.0,77.0,,,,,,,,,,,
Denmark,note_on,4,7,strings (bass),6.0,,,,,,,42.0,103.0,,,,,,,,,,,
Denmark,note_off,478,7,strings (bass),6.0,,,,,,,42.0,62.0,,,,,,,,,,,
Denmark,note_on,14,7,strings (bass),6.0,,,,,,,38.0,98.0,,,,,,,,,,,
Denmark,note_off,454,7,strings (bass),6.0,,,,,,,38.0,59.0,,,,,,,,,,,
Denmark,note_on,14,7,strings (bass),6.0,,,,,,,37.0,101.0,,,,,,,,,,,
Denmark,note_off,449,7,strings (bass),6.0,,,,,,,37.0,61.0,,,,,,,,,,,
Denmark,note_on,10,7,strings (bass),6.0,,,,,,,38.0,98.0,,,,,,,,,,,
Denmark,note_on,475,7,strings (bass),6.0,,,,,,,40.0,95.0,,,,,,,,,,,
Denmark,note_off,1,7,strings (bass),6.0,,,,,,,38.0,78.0,,,,,,,,,,,
Denmark,note_off,1023,7,strings (bass),6.0,,,,,,,40.0,73.0,,,,,,,,,,,
Denmark,note_on,1,7,strings (bass),6.0,,,,,,,28.0,103.0,,,,,,,,,,,
Denmark,note_off,921,7,strings (bass),6.0,,,,,,,28.0,69.0,,,,,,,,,,,
Denmark,note_on,10,7,strings (bass),6.0,,,,,,,33.0,95.0,,,,,,,,,,,
Denmark,note_off,1428,7,strings (bass),6.0,,,,,,,33.0,88.0,,,,,,,,,,,
Denmark,note_on,497,7,strings (bass),6.0,,,,,,,33.0,98.0,,,,,,,,,,,
Denmark,note_off,1362,7,strings (bass),6.0,,,,,,,33.0,78.0,,,,,,,,,,,
Denmark,note_on,42,7,strings (bass),6.0,,,,,,,33.0,98.0,,,,,,,,,,,
Denmark,note_on,504,7,strings (bass),6.0,,,,,,,38.0,98.0,,,,,,,,,,,
Denmark,note_off,3,7,strings (bass),6.0,,,,,,,33.0,79.0,,,,,,,,,,,
Denmark,note_off,650,7,strings (bass),6.0,,,,,,,38.0,62.0,,,,,,,,,,,
Denmark,note_on,53,7,strings (bass),6.0,,,,,,,38.0,93.0,,,,,,,,,,,
Denmark,note_off,160,7,strings (bass),6.0,,,,,,,38.0,46.0,,,,,,,,,,,
Denmark,note_on,81,7,strings (bass),6.0,,,,,,,38.0,90.0,,,,,,,,,,,
Denmark,note_off,475,7,strings (bass),6.0,,,,,,,38.0,51.0,,,,,,,,,,,
Denmark,note_on,6,7,strings (bass),6.0,,,,,,,37.0,103.0,,,,,,,,,,,
Denmark,note_off,446,7,strings (bass),6.0,,,,,,,37.0,48.0,,,,,,,,,,,
Denmark,note_on,46,7,strings (bass),6.0,,,,,,,35.0,103.0,,,,,,,,,,,
Denmark,note_off,685,7,strings (bass),6.0,,,,,,,35.0,31.0,,,,,,,,,,,
Denmark,note_on,6,7,strings (bass),6.0,,,,,,,33.0,101.0,,,,,,,,,,,
Denmark,note_off,257,7,strings (bass),6.0,,,,,,,33.0,69.0,,,,,,,,,,,
Denmark,note_on,5,7,strings (bass),6.0,,,,,,,31.0,98.0,,,,,,,,,,,
Denmark,note_off,387,7,strings (bass),6.0,,,,,,,31.0,77.0,,,,,,,,,,,
Denmark,note_on,79,7,strings (bass),6.0,,,,,,,31.0,101.0,,,,,,,,,,,
Denmark,note_off,434,7,strings (bass),6.0,,,,,,,31.0,42.0,,,,,,,,,,,
Denmark,note_on,70,7,strings (bass),6.0,,,,,,,30.0,103.0,,,,,,,,,,,
Denmark,note_off,1504,7,strings (bass),6.0,,,,,,,30.0,72.0,,,,,,,,,,,
Denmark,note_on,170,7,strings (bass),6.0,,,,,,,40.0,101.0,,,,,,,,,,,
Denmark,note_on,236,7,strings (bass),6.0,,,,,,,39.0,90.0,,,,,,,,,,,
Denmark,note_off,5,7,strings (bass),6.0,,,,,,,40.0,60.0,,,,,,,,,,,
Denmark,note_on,473,7,strings (bass),6.0,,,,,,,40.0,98.0,,,,,,,,,,,
Denmark,note_off,4,7,strings (bass),6.0,,,,,,,39.0,74.0,,,,,,,,,,,
Denmark,note_on,477,7,strings (bass),6.0,,,,,,,37.0,103.0,,,,,,,,,,,
Denmark,note_off,1,7,strings (bass),6.0,,,,,,,40.0,53.0,,,,,,,,,,,
Denmark,note_off,475,7,strings (bass),6.0,,,,,,,37.0,77.0,,,,,,,,,,,
Denmark,note_on,4,7,strings (bass),6.0,,,,,,,38.0,101.0,,,,,,,,,,,
Denmark,note_on,490,7,strings (bass),6.0,,,,,,,31.0,106.0,,,,,,,,,,,
Denmark,note_off,5,7,strings (bass),6.0,,,,,,,38.0,70.0,,,,,,,,,,,
Denmark,note_off,468,7,strings (bass),6.0,,,,,,,31.0,73.0,,,,,,,,,,,
Denmark,note_on,4,7,strings (bass),6.0,,,,,,,32.0,106.0,,,,,,,,,,,
Denmark,note_off,666,7,strings (bass),6.0,,,,,,,32.0,63.0,,,,,,,,,,,
Denmark,note_on,77,7,strings (bass),6.0,,,,,,,32.0,106.0,,,,,,,,,,,
Denmark,note_off,111,7,strings (bass),6.0,,,,,,,32.0,65.0,,,,,,,,,,,
Denmark,note_on,94,7,strings (bass),6.0,,,,,,,32.0,101.0,,,,,,,,,,,
Denmark,note_off,141,7,strings (bass),6.0,,,,,,,32.0,61.0,,,,,,,,,,,
Denmark,note_on,105,7,strings (bass),6.0,,,,,,,32.0,103.0,,,,,,,,,,,
Denmark,note_off,218,7,strings (bass),6.0,,,,,,,32.0,67.0,,,,,,,,,,,
Denmark,note_on,28,7,strings (bass),6.0,,,,,,,33.0,109.0,,,,,,,,,,,
Denmark,note_off,859,7,strings (bass),6.0,,,,,,,33.0,74.0,,,,,,,,,,,
Denmark,note_on,78,7,strings (bass),6.0,,,,,,,33.0,109.0,,,,,,,,,,,
Denmark,note_off,979,7,strings (bass),6.0,,,,,,,33.0,87.0,,,,,,,,,,,
Denmark,note_on,9,7,strings (bass),6.0,,,,,,,38.0,95.0,,,,,,,,,,,
Denmark,note_off,1440,7,strings (bass),6.0,,,,,,,38.0,102.0,,,,,,,,,,,
Denmark,end_of_track,491,7,strings (bass),,,,,,,,,,,,,,,,,,,,True
Denmark,instrument_name,0,8,harp,,,,Sound Canvas,,,,,,,,,,,,,,,,False
Denmark,track_name,0,8,harp,,,,,,,,,,,,,,,,,,,,
Denmark,control_change,0,8,harp,,1.0,0.0,,,,,,,,,,,,,,,,,
Denmark,control_change,0,8,harp,,7.0,76.0,,,,,,,,,,,,,,,,,
Denmark,control_change,0,8,harp,,64.0,0.0,,,,,,,,,,,,,,,,,
Denmark,program_change,0,8,harp,7.0,,,,,,,,,,46.0,,,,,,,,,
Denmark,control_change,1,8,harp,,91.0,127.0,,,,,,,,,,,,,,,,,
Denmark,control_change,0,8,harp,,93.0,30.0,,,,,,,,,,,,,,,,,
Denmark,pitchwheel,0,8,harp,7.0,,,,,,,,,0.0,,,,,,,,,,
Denmark,control_change,0,8,harp,,10.0,52.0,,,,,,,,,,,,,,,,,
Denmark,control_change,0,8,harp,,11.0,127.0,,,,,,,,,,,,,,,,,
Denmark,end_of_track,31199,8,harp,,,,,,,,,,,,,,,,,,,,True
Denmark,instrument_name,0,9,timpani,,,,Sound Canvas,,,,,,,,,,,,,,,,False
Denmark,track_name,0,9,timpani,,,,,,,,,,,,,,,,,,,,
Denmark,control_change,0,9,timpani,,1.0,0.0,,,,,,,,,,,,,,,,,
Denmark,control_change,0,9,timpani,,7.0,102.0,,,,,,,,,,,,,,,,,
Denmark,control_change,0,9,timpani,,64.0,0.0,,,,,,,,,,,,,,,,,
Denmark,program_change,0,9,timpani,8.0,,,,,,,,,,47.0,,,,,,,,,
Denmark,control_change,1,9,timpani,,91.0,127.0,,,,,,,,,,,,,,,,,
Denmark,control_change,0,9,timpani,,93.0,0.0,,,,,,,,,,,,,,,,,
Denmark,pitchwheel,0,9,timpani,8.0,,,,,,,,,0.0,,,,,,,,,,
Denmark,control_change,0,9,timpani,,10.0,69.0,,,,,,,,,,,,,,,,,
Denmark,control_change,0,9,timpani,,11.0,127.0,,,,,,,,,,,,,,,,,
Denmark,note_on,12996,9,timpani,8.0,,,,,,,40.0,119.0,,,,,,,,,,,
Denmark,note_off,547,9,timpani,8.0,,,,,,,40.0,68.0,,,,,,,,,,,
Denmark,note_on,158,9,timpani,8.0,,,,,,,40.0,119.0,,,,,,,,,,,
Denmark,note_off,220,9,timpani,8.0,,,,,,,40.0,78.0,,,,,,,,,,,
Denmark,note_on,31,9,timpani,8.0,,,,,,,45.0,127.0,,,,,,,,,,,
Denmark,note_off,1347,9,timpani,8.0,,,,,,,45.0,74.0,,,,,,,,,,,
Denmark,note_on,13522,9,timpani,8.0,,,,,,,45.0,123.0,,,,,,,,,,,
Denmark,note_off,437,9,timpani,8.0,,,,,,,45.0,75.0,,,,,,,,,,,
Denmark,note_on,32,9,timpani,8.0,,,,,,,50.0,127.0,,,,,,,,,,,
Denmark,note_off,463,9,timpani,8.0,,,,,,,50.0,72.0,,,,,,,,,,,
Denmark,note_on,41,9,timpani,8.0,,,,,,,50.0,95.0,,,,,,,,,,,
Denmark,note_off,47,9,timpani,8.0,,,,,,,50.0,64.0,,,,,,,,,,,
Denmark,note_on,30,9,timpani,8.0,,,,,,,50.0,78.0,,,,,,,,,,,
Denmark,note_off,39,9,timpani,8.0,,,,,,,50.0,73.0,,,,,,,,,,,
Denmark,note_on,26,9,timpani,8.0,,,,,,,50.0,71.0,,,,,,,,,,,
Denmark,note_off,43,9,timpani,8.0,,,,,,,50.0,72.0,,,,,,,,,,,
Denmark,note_on,39,9,timpani,8.0,,,,,,,50.0,85.0,,,,,,,,,,,
Denmark,note_off,39,9,timpani,8.0,,,,,,,50.0,79.0,,,,,,,,,,,
Denmark,note_on,32,9,timpani,8.0,,,,,,,50.0,101.0,,,,,,,,,,,
Denmark,note_off,48,9,timpani,8.0,,,,,,,50.0,77.0,,,,,,,,,,,
Denmark,note_on,31,9,timpani,8.0,,,,,,,50.0,115.0,,,,,,,,,,,
Denmark,note_off,52,9,timpani,8.0,,,,,,,50.0,94.0,,,,,,,,,,,
Denmark,note_on,25,9,timpani,8.0,,,,,,,50.0,123.0,,,,,,,,,,,
Denmark,note_off,495,9,timpani,8.0,,,,,,,50.0,103.0,,,,,,,,,,,
Denmark,end_of_track,459,9,timpani,,,,,,,,,,,,,,,,,,,,True
Denmark,instrument_name,0,10,cymbals,,,,Sound Canvas,,,,,,,,,,,,,,,,False
Denmark,track_name,0,10,cymbals,,,,,,,,,,,,,,,,,,,,
Denmark,control_change,0,10,cymbals,,1.0,0.0,,,,,,,,,,,,,,,,,
Denmark,control_change,0,10,cymbals,,7.0,56.0,,,,,,,,,,,,,,,,,
Denmark,control_change,0,10,cymbals,,64.0,0.0,,,,,,,,,,,,,,,,,
Denmark,control_change,1,10,cymbals,,91.0,127.0,,,,,,,,,,,,,,,,,
Denmark,control_change,0,10,cymbals,,93.0,21.0,,,,,,,,,,,,,,,,,
Denmark,pitchwheel,0,10,cymbals,9.0,,,,,,,,,0.0,,,,,,,,,,
Denmark,control_change,0,10,cymbals,,10.0,75.0,,,,,,,,,,,,,,,,,
Denmark,control_change,0,10,cymbals,,11.0,127.0,,,,,,,,,,,,,,,,,
Denmark,note_on,13919,10,cymbals,9.0,,,,,,,49.0,111.0,,,,,,,,,,,
Denmark,note_on,1,10,cymbals,9.0,,,,,,,57.0,101.0,,,,,,,,,,,
Denmark,note_off,1230,10,cymbals,9.0,,,,,,,57.0,43.0,,,,,,,,,,,
Denmark,note_off,2,10,cymbals,9.0,,,,,,,49.0,63.0,,,,,,,,,,,
Denmark,note_on,14145,10,cymbals,9.0,,,,,,,49.0,109.0,,,,,,,,,,,
Denmark,note_on,0,10,cymbals,9.0,,,,,,,57.0,95.0,,,,,,,,,,,
Denmark,note_off,880,10,cymbals,9.0,,,,,,,49.0,91.0,,,,,,,,,,,
Denmark,note_off,10,10,cymbals,9.0,,,,,,,57.0,71.0,,,,,,,,,,,
Denmark,end_of_track,1012,10,cymbals,,,,,,,,,,,,,,,,,,,,True
Denmark,instrument_name,0,11,piccolo,,,,Sound Canvas,,,,,,,,,,,,,,,,False
Denmark,track_name,0,11,piccolo,,,,,,,,,,,,,,,,,,,,
Denmark,control_change,1,11,piccolo,,1.0,0.0,,,,,,,,,,,,,,,,,
Denmark,control_change,0,11,piccolo,,7.0,60.0,,,,,,,,,,,,,,,,,
Denmark,control_change,0,11,piccolo,,64.0,0.0,,,,,,,,,,,,,,,,,
Denmark,program_change,0,11,piccolo,10.0,,,,,,,,,,72.0,,,,,,,,,
Denmark,control_change,0,11,piccolo,,10.0,41.0,,,,,,,,,,,,,,,,,
Denmark,control_change,0,11,piccolo,,11.0,127.0,,,,,,,,,,,,,,,,,
Denmark,control_change,1,11,piccolo,,91.0,127.0,,,,,,,,,,,,,,,,,
Denmark,control_change,0,11,piccolo,,93.0,56.0,,,,,,,,,,,,,,,,,
Denmark,pitchwheel,0,11,piccolo,10.0,,,,,,,,,0.0,,,,,,,,,,
Denmark,end_of_track,31198,11,piccolo,,,,,,,,,,,,,,,,,,,,True
